Country Name,Country Code,1995,1996,1997,1998,1999,2000,2001,2002,2003,2004,2005,2006,2007,2008,2009,2010,2011,2012,2013,2014,2015,2016,2017,2018,2019,2020,2021
Aruba,ABW," 912,000 "," 957,000 "," 947,000 "," 906,000 "," 972,000 "," 1,211,000 "," 1,178,000 "," 1,225,000 "," 1,184,000 "," 1,304,000 "," 1,286,000 "," 1,285,000 "," 1,254,000 "," 1,383,000 "," 1,420,000 "," 1,394,000 "," 1,469,000 "," 1,481,000 "," 1,667,000 "," 1,739,000 "," 1,832,000 "," 1,758,000 "," 1,863,000 "," 1,897,000 "," 1,951,000 ", -   ,
Africa Eastern and Southern,AFE," 11,583,545 "," 13,088,654 "," 13,456,246 "," 14,403,852 "," 15,309,378 "," 15,353,177 "," 15,854,696 "," 17,383,375 "," 17,844,385 "," 18,745,951 "," 19,917,566 "," 22,650,321 "," 25,114,898 "," 25,413,098 "," 25,964,418 "," 29,071,501 "," 31,650,244 "," 32,748,552 "," 34,426,633 "," 35,738,392 "," 35,318,681 "," 37,645,888 "," 38,258,348 "," 41,189,145 "," 39,826,701 ", -   ,
Afghanistan,AFG, -   , -   , -   , -   , -   , -   , -   , -   , -   , -   , -   , -   , -   , -   , -   , -   , -   , -   , -   , -   , -   , -   , -   , -   , -   , -   ,
Africa Western and Central,AFW," 2,670,706 "," 3,027,135 "," 3,243,144 "," 3,422,652 "," 3,897,975 "," 4,162,850 "," 4,615,887 "," 4,697,120 "," 5,013,050 "," 5,839,377 "," 6,320,832 "," 6,955,607 "," 9,389,591 "," 10,157,586 "," 10,569,713 "," 11,070,796 "," 8,902,380 "," 10,221,030 "," 10,085,819 "," 10,544,624 "," 13,311,682 "," 13,150,775 ", -   , -   , -   , -   ,
Angola,AGO," 9,000 "," 21,000 "," 45,000 "," 52,000 "," 45,000 "," 51,000 "," 67,000 "," 91,000 "," 107,000 "," 194,000 "," 210,000 "," 121,000 "," 195,000 "," 294,000 "," 366,000 "," 425,000 "," 481,000 "," 528,000 "," 650,000 "," 595,000 "," 592,000 "," 397,000 "," 261,000 "," 218,000 "," 218,000 ", -   ,
Albania,ALB," 304,000 "," 287,000 "," 119,000 "," 184,000 "," 371,000 "," 317,000 "," 354,000 "," 470,000 "," 557,000 "," 645,000 "," 748,000 "," 937,000 "," 1,127,000 "," 1,420,000 "," 1,856,000 "," 2,417,000 "," 2,932,000 "," 3,514,000 "," 3,256,000 "," 3,673,000 "," 4,131,000 "," 4,736,000 "," 5,118,000 "," 5,927,000 "," 6,406,000 "," 2,658,000 ",
Andorra,AND, -   , -   , -   , -   ," 9,422,000 "," 10,991,000 "," 11,351,000 "," 11,507,000 "," 11,601,000 "," 11,668,000 "," 11,049,000 "," 10,737,000 "," 10,743,000 "," 10,194,000 "," 9,112,000 "," 8,551,000 "," 7,983,000 "," 7,900,000 "," 7,676,000 "," 7,797,000 "," 7,850,000 "," 8,025,000 "," 8,152,000 "," 8,328,000 "," 8,235,000 "," 5,207,000 ",
Arab World,ARB, -   , -   , -   , -   , -   , -   , -   , -   , -   ," 80,985,285 "," 82,979,843 "," 89,387,604 "," 99,187,198 "," 115,508,624 "," 113,944,262 "," 130,381,604 "," 109,790,026 "," 122,650,456 "," 122,579,990 "," 130,620,704 "," 122,563,986 "," 115,219,915 "," 122,153,140 "," 131,892,641 "," 142,447,574 ", -   ,
United Arab Emirates,ARE, -   , -   , -   , -   , -   , -   , -   , -   , -   , -   , -   , -   , -   , -   , -   , -   , -   , -   , -   , -   ," 19,313,000 "," 20,894,000 "," 21,805,000 "," 23,092,000 "," 25,282,000 "," 8,084,000 ",
Argentina,ARG," 2,289,000 "," 2,614,000 "," 2,764,000 "," 3,012,000 "," 2,898,000 "," 2,909,000 "," 2,620,000 "," 2,820,000 "," 2,995,000 "," 3,457,000 "," 3,823,000 "," 4,173,000 "," 4,562,000 "," 4,700,000 "," 4,308,000 "," 6,800,000 "," 6,703,000 "," 6,497,000 "," 6,510,000 "," 7,165,000 "," 6,816,000 "," 6,668,000 "," 6,711,000 "," 6,942,000 "," 7,399,000 ", -   ,
Armenia,ARM," 12,000 "," 13,000 "," 23,000 "," 32,000 "," 41,000 "," 45,000 "," 123,000 "," 162,000 "," 206,000 "," 263,000 "," 319,000 "," 382,000 "," 511,000 "," 558,000 "," 575,000 "," 684,000 "," 758,000 "," 963,000 "," 1,084,000 "," 1,204,000 "," 1,192,000 "," 1,260,000 "," 1,495,000 "," 1,652,000 "," 1,894,000 "," 375,000 ",
American Samoa,ASM," 34,000 "," 35,000 "," 26,000 "," 36,000 "," 41,000 "," 44,000 "," 36,000 ", -   , -   , -   ," 24,500 "," 25,300 "," 24,100 "," 24,300 "," 23,500 "," 23,100 "," 22,600 "," 22,600 "," 20,800 "," 21,600 "," 20,300 "," 20,100 "," 20,000 "," 20,200 "," 19,200 ", 900 ,
Antigua and Barbuda,ATG," 447,000 "," 498,000 "," 526,000 "," 570,000 "," 560,000 "," 634,000 "," 624,000 "," 528,000 "," 623,000 "," 769,000 "," 712,000 "," 838,000 "," 935,000 "," 863,000 "," 944,000 "," 788,000 "," 848,000 "," 819,000 "," 777,000 "," 771,000 "," 894,000 "," 874,000 "," 1,040,000 "," 1,064,000 "," 1,035,000 "," 384,500 ",
Australia,AUS," 3,726,000 "," 4,165,000 "," 4,318,000 "," 4,167,000 "," 4,459,000 "," 4,931,000 "," 4,856,000 "," 4,841,000 "," 4,746,000 "," 5,215,000 "," 5,499,000 "," 5,532,000 "," 5,644,000 "," 5,586,000 "," 5,490,000 "," 5,790,000 "," 5,771,000 "," 6,032,000 "," 6,482,000 "," 6,922,000 "," 7,449,000 "," 8,269,000 "," 8,815,000 "," 9,246,000 "," 9,466,000 "," 1,828,000 ",
Austria,AUT," 17,173,000 "," 17,090,000 "," 16,647,000 "," 17,352,000 "," 17,467,000 "," 17,982,000 "," 18,180,000 "," 18,611,000 "," 19,078,000 "," 19,374,000 "," 19,952,000 "," 20,269,000 "," 20,773,000 "," 21,935,000 "," 21,355,000 "," 22,004,000 "," 23,012,000 "," 24,151,000 "," 24,813,000 "," 25,291,000 "," 26,728,000 "," 28,121,000 "," 29,460,000 "," 30,816,000 "," 31,884,000 "," 15,091,000 ",
Azerbaijan,AZE," 93,000 "," 210,000 "," 306,000 "," 483,000 "," 602,000 "," 681,000 "," 767,000 "," 834,000 "," 1,038,000 "," 1,279,000 "," 1,177,000 "," 1,194,000 "," 1,333,000 "," 1,899,000 "," 1,830,000 "," 1,963,000 "," 2,239,000 "," 2,484,000 "," 2,509,000 "," 2,298,000 "," 2,006,000 "," 2,249,000 "," 2,697,000 "," 2,850,000 "," 3,170,000 "," 796,000 ",
Burundi,BDI," 34,000 "," 27,000 "," 11,000 "," 15,000 "," 26,000 "," 29,000 "," 36,000 "," 74,000 "," 74,000 "," 133,000 "," 148,000 "," 214,000 "," 192,000 "," 202,000 "," 212,000 "," 142,000 "," 144,000 "," 147,000 "," 234,000 "," 235,000 "," 131,000 "," 187,000 "," 299,000 ", -   , -   , -   ,
Belgium,BEL," 5,560,000 "," 5,829,000 "," 6,037,000 "," 6,179,000 "," 6,369,000 "," 6,457,000 "," 6,452,000 "," 6,720,000 "," 6,690,000 "," 6,710,000 "," 6,747,000 "," 6,995,000 "," 7,045,000 "," 7,165,000 "," 6,815,000 "," 7,186,000 "," 7,494,000 "," 7,560,000 "," 7,684,000 "," 7,887,000 "," 8,355,000 "," 7,481,000 "," 8,385,000 "," 9,119,000 "," 9,343,000 "," 2,584,000 ",
Benin,BEN," 580,000 "," 516,000 "," 541,000 "," 575,000 "," 941,000 "," 1,068,000 "," 1,155,000 "," 853,000 "," 850,000 "," 845,000 "," 960,000 "," 975,000 "," 1,010,000 "," 1,027,000 ", -   , -   ," 222,000 "," 232,000 "," 252,000 "," 265,000 "," 279,000 "," 292,000 "," 307,000 "," 322,000 "," 337,000 ", -   ,
Burkina Faso,BFA," 124,000 "," 131,000 "," 138,000 "," 160,000 "," 117,000 "," 126,000 "," 128,000 "," 150,000 "," 163,000 "," 222,000 "," 245,000 "," 264,000 "," 289,000 "," 272,000 "," 269,000 "," 274,000 "," 238,000 "," 237,000 "," 218,000 "," 191,000 "," 163,000 "," 152,000 "," 143,000 "," 144,000 "," 143,000 "," 67,000 ",
Bangladesh,BGD," 156,000 "," 166,000 "," 182,000 "," 172,000 "," 173,000 "," 199,000 "," 207,000 "," 207,000 "," 245,000 "," 271,000 "," 208,000 "," 200,000 "," 289,000 "," 467,000 "," 267,000 "," 139,000 "," 157,000 "," 160,000 "," 104,000 "," 134,000 "," 126,000 "," 182,000 "," 237,000 "," 267,000 "," 323,000 ", -   ,
Bulgaria,BGR," 8,005,000 "," 6,811,000 "," 7,543,000 "," 5,240,000 "," 5,056,000 "," 4,922,000 "," 5,104,000 "," 5,563,000 "," 6,241,000 "," 6,982,000 "," 7,282,000 "," 7,499,000 "," 7,726,000 "," 8,533,000 "," 7,873,000 "," 8,374,000 "," 8,713,000 "," 8,867,000 "," 9,192,000 "," 9,409,000 "," 9,317,000 "," 10,604,000 "," 11,596,000 "," 12,368,000 "," 12,552,000 "," 4,973,000 ",
Bahrain,BHR," 2,311,000 "," 1,988,000 "," 2,600,000 "," 2,898,000 "," 3,280,000 "," 3,869,000 "," 4,388,000 "," 4,831,000 "," 4,844,000 "," 5,667,000 "," 6,313,000 "," 7,289,000 "," 7,833,000 "," 8,631,000 "," 8,861,000 "," 11,952,000 "," 6,732,000 "," 8,062,000 "," 9,163,000 "," 10,452,000 "," 9,670,000 "," 10,158,000 "," 11,374,000 "," 12,045,000 "," 11,061,000 "," 1,909,000 ",
"Bahamas, The",BHS," 3,239,000 "," 3,416,000 "," 3,446,000 "," 3,348,000 "," 3,648,000 "," 4,204,000 "," 4,183,000 "," 4,406,000 "," 4,594,000 "," 5,004,000 "," 4,779,000 "," 4,731,000 "," 4,601,000 "," 4,394,000 "," 4,645,000 "," 5,255,000 "," 5,588,000 "," 5,940,000 "," 6,151,000 "," 6,320,000 "," 6,112,000 "," 6,265,000 "," 6,136,000 "," 6,622,000 "," 7,250,000 "," 1,794,500 ",
Bosnia and Herzegovina,BIH, -   , -   ," 115,000 "," 148,000 "," 147,000 "," 171,000 "," 139,000 "," 160,000 "," 165,000 "," 190,000 "," 217,000 "," 256,000 "," 306,000 "," 322,000 "," 311,000 "," 365,000 "," 392,000 "," 439,000 "," 529,000 "," 536,000 "," 678,000 "," 778,000 "," 923,000 "," 1,053,000 "," 1,198,000 "," 197,000 ",
Belarus,BLR, -   , -   , -   , -   , -   ," 2,030,000 "," 1,852,000 "," 1,907,000 "," 1,729,000 "," 1,816,000 "," 4,738,000 "," 5,276,000 "," 5,283,000 "," 5,262,000 "," 4,872,000 "," 5,674,000 "," 5,877,000 "," 6,130,000 "," 6,242,000 "," 5,375,000 "," 4,386,000 "," 10,935,000 "," 11,060,000 "," 11,502,000 "," 11,832,000 "," 3,598,000 ",
Belize,BLZ," 342,000 "," 349,000 "," 305,000 "," 300,000 "," 340,000 "," 374,000 "," 385,000 "," 694,000 "," 999,000 "," 1,329,000 "," 1,037,000 "," 903,000 "," 880,000 "," 846,000 "," 941,000 "," 1,054,000 "," 1,106,000 "," 1,028,000 "," 1,022,000 "," 1,289,000 "," 1,299,000 "," 1,391,000 "," 1,441,000 "," 1,697,000 "," 1,674,000 "," 487,000 ",
Bermuda,BMU," 557,000 "," 570,000 "," 562,000 "," 558,000 "," 549,000 "," 539,000 "," 458,000 "," 484,000 "," 483,000 "," 478,000 "," 517,000 "," 635,000 "," 660,000 "," 550,000 "," 554,000 "," 580,000 "," 652,000 "," 610,000 "," 576,000 "," 580,000 "," 597,000 "," 642,000 "," 688,000 "," 766,000 "," 805,000 "," 51,400 ",
Bolivia,BOL," 284,000 "," 313,000 "," 355,000 "," 387,000 "," 342,000 "," 319,000 "," 316,000 "," 334,000 "," 427,000 "," 480,000 "," 524,000 "," 521,000 "," 573,000 "," 594,000 "," 599,000 "," 679,000 "," 711,000 "," 798,000 "," 798,000 "," 871,000 "," 882,000 "," 961,000 "," 1,109,000 "," 1,142,000 "," 1,239,000 "," 323,300 ",
Brazil,BRA," 1,991,000 "," 2,666,000 "," 2,850,000 "," 4,818,000 "," 5,107,000 "," 5,313,000 "," 4,773,000 "," 3,785,000 "," 4,133,000 "," 4,794,000 "," 5,358,000 "," 5,017,000 "," 5,026,000 "," 5,050,000 "," 4,802,000 "," 5,161,000 "," 5,433,000 "," 5,677,000 "," 5,813,000 "," 6,430,000 "," 6,306,000 "," 6,547,000 "," 6,589,000 "," 6,621,000 "," 6,353,000 ", -   ,
Barbados,BRB," 927,000 "," 957,000 "," 990,000 "," 1,019,000 "," 947,000 "," 1,078,000 "," 1,035,000 "," 1,021,000 "," 1,090,000 "," 1,273,000 "," 1,111,000 "," 1,102,000 "," 1,191,000 "," 1,165,000 "," 1,154,000 "," 1,197,000 "," 1,187,000 "," 1,053,000 "," 1,079,000 "," 1,079,000 "," 1,179,000 "," 1,227,000 "," 1,345,000 "," 1,356,000 "," 966,000 ", -   ,
Brunei Darussalam,BRN," 498,000 "," 837,000 "," 643,000 "," 964,000 "," 967,000 "," 984,000 "," 840,000 "," 891,000 "," 944,000 ", -   ," 815,000 "," 836,000 "," 877,000 ", -   , -   , -   , -   , -   , -   , -   , -   ," 4,257,000 "," 4,316,000 "," 4,521,000 "," 4,449,000 "," 1,071,000 ",
Bhutan,BTN," 4,800 "," 5,200 "," 5,400 "," 6,200 "," 7,200 "," 7,600 "," 6,400 "," 5,600 "," 6,300 "," 9,200 "," 13,600 "," 17,300 "," 21,000 "," 28,000 "," 23,000 "," 41,000 "," 66,000 "," 105,000 "," 116,000 "," 133,000 "," 155,000 "," 210,000 "," 255,000 "," 274,000 "," 316,000 "," 29,800 ",
Botswana,BWA," 636,000 "," 656,000 "," 765,000 "," 940,000 "," 1,039,000 "," 1,306,000 "," 1,451,000 "," 1,485,000 "," 1,592,000 "," 1,727,000 "," 1,684,000 "," 1,642,000 "," 1,965,000 "," 2,344,000 ", -   , -   , -   , -   , -   , -   ," 1,660,000 "," 1,712,000 "," 1,775,000 "," 1,830,000 ", -   , -   ,
Central African Republic,CAF," 26,000 "," 21,000 "," 17,000 "," 7,500 "," 10,000 "," 11,200 "," 9,900 "," 2,900 "," 5,700 "," 8,200 "," 12,000 "," 13,800 "," 17,100 "," 30,600 "," 52,400 "," 53,800 "," 65,400 "," 70,800 "," 83,500 "," 95,700 "," 120,500 "," 82,000 "," 107,000 "," 109,000 "," 87,000 ", -   ,
Canada,CAN," 41,657,000 "," 43,256,000 "," 45,076,000 "," 48,064,000 "," 49,055,000 "," 48,638,000 "," 47,147,000 "," 44,896,000 "," 38,903,000 "," 38,845,000 "," 36,160,000 "," 33,390,000 "," 30,373,000 "," 27,370,000 "," 24,696,000 "," 25,621,000 "," 25,066,000 "," 25,318,000 "," 25,167,000 "," 25,558,000 "," 27,555,000 "," 30,142,000 "," 31,081,000 "," 31,274,000 "," 32,430,000 ", -   ,
Central Europe and the Baltics,CEB," 188,652,645 "," 199,135,866 "," 203,579,244 "," 200,151,257 "," 200,062,962 "," 206,946,379 "," 182,538,824 "," 173,510,081 "," 177,955,845 "," 200,553,518 "," 208,136,165 "," 215,062,886 "," 222,544,622 "," 217,002,010 "," 205,767,642 "," 211,503,443 "," 219,665,362 "," 230,513,828 "," 239,484,452 "," 247,176,982 "," 265,484,205 "," 282,858,334 "," 293,799,710 "," 301,502,123 "," 314,638,365 ", -   ,
Switzerland,CHE," 6,946,000 "," 6,730,000 "," 7,039,000 "," 7,185,000 "," 7,154,000 "," 7,821,000 "," 7,455,000 "," 6,868,000 "," 6,530,000 ", -   ," 7,229,000 "," 7,863,000 "," 8,448,000 "," 8,608,000 "," 8,294,000 "," 8,628,000 "," 8,534,000 "," 8,566,000 "," 8,967,000 "," 9,158,000 "," 9,305,000 "," 10,402,000 "," 11,133,000 "," 11,715,000 "," 11,818,000 ", -   ,
Channel Islands,CHI, -   , -   , -   , -   , -   , -   , -   , -   , -   , -   , -   , -   , -   , -   , -   , -   , -   , -   , -   , -   , -   , -   , -   , -   , -   , -   ,
Chile,CHL, -   , -   , -   , -   , -   , -   , -   , -   , -   , -   , -   , -   , -   ," 3,713,000 "," 3,657,000 "," 3,584,000 "," 3,963,000 "," 4,397,000 "," 4,457,000 "," 4,601,000 "," 5,487,000 "," 6,712,000 "," 7,621,000 "," 6,603,000 "," 5,431,000 ", -   ,
China,CHN," 46,387,000 "," 51,128,000 "," 57,588,000 "," 63,478,000 "," 72,796,000 "," 83,444,000 "," 89,013,000 "," 97,908,000 "," 91,662,000 "," 109,038,000 "," 120,292,000 "," 124,942,000 "," 131,873,000 "," 130,027,000 "," 126,476,000 "," 133,762,000 "," 135,423,000 "," 132,405,000 "," 129,078,000 "," 128,499,000 "," 133,820,000 "," 141,774,000 "," 153,260,000 "," 158,606,000 "," 162,538,000 "," 30,402,000 ",
Cote d'Ivoire,CIV," 188,000 "," 237,000 "," 274,000 "," 301,000 ", -   , -   , -   , -   , -   , -   , -   , -   ," 182,000 "," 205,000 "," 231,000 "," 252,000 "," 270,000 "," 289,000 "," 380,000 "," 471,000 "," 1,441,000 "," 1,583,000 "," 1,800,000 "," 1,965,000 "," 2,070,000 "," 668,000 ",
Cameroon,CMR, -   , -   , -   , -   , -   , -   , -   , -   , -   , -   , -   ," 451,000 "," 477,000 "," 487,000 "," 498,000 "," 573,000 "," 604,000 "," 817,000 "," 783,000 "," 822,000 "," 897,000 "," 994,000 "," 1,081,000 "," 997,000 "," 1,021,000 ", -   ,
"Congo, Dem. Rep.",COD," 35,000 "," 37,000 "," 30,000 "," 53,000 "," 80,000 "," 103,000 "," 55,000 "," 28,000 "," 35,000 "," 36,000 "," 61,000 "," 55,000 "," 47,000 "," 50,000 "," 53,000 "," 81,000 "," 186,000 "," 167,000 "," 191,000 "," 334,000 "," 354,000 "," 351,000 ", -   , -   , -   , -   ,
"Congo, Rep.",COG, -   , -   , -   , -   , -   , -   , -   , -   , -   , -   , -   , -   , -   , -   , -   ," 199,000 "," 224,000 "," 259,000 "," 345,000 "," 229,000 "," 224,000 "," 213,000 "," 151,000 "," 158,000 ", -   , -   ,
Colombia,COL," 1,433,000 "," 751,000 "," 758,000 "," 823,000 "," 725,000 "," 707,000 "," 788,000 "," 661,000 "," 668,000 "," 840,000 "," 981,000 "," 2,096,000 "," 2,381,000 "," 2,545,000 "," 2,649,000 "," 1,701,000 "," 2,356,000 "," 2,434,000 "," 2,595,000 "," 2,866,000 "," 3,371,000 "," 3,675,000 "," 4,056,000 "," 4,397,000 "," 4,531,000 "," 1,396,000 ",
Comoros,COM," 23,000 "," 24,000 "," 26,000 "," 27,000 "," 24,000 "," 24,000 "," 19,400 "," 18,900 "," 20,600 "," 23,300 "," 25,900 "," 28,500 "," 15,200 "," 14,800 "," 11,300 "," 15,300 "," 18,800 "," 22,800 "," 21,900 "," 22,800 "," 23,600 "," 26,800 "," 28,000 "," 35,900 "," 45,100 "," 7,000 ",
Cabo Verde,CPV," 28,000 "," 37,000 "," 45,000 "," 52,000 "," 67,000 "," 115,000 "," 134,000 "," 126,000 "," 150,000 "," 157,000 "," 198,000 "," 242,000 "," 267,000 "," 285,000 "," 287,000 "," 336,000 "," 428,000 "," 482,000 "," 503,000 "," 494,000 "," 520,000 "," 598,000 "," 668,000 "," 710,000 "," 758,000 "," 180,000 ",
Costa Rica,CRI," 924,000 "," 940,000 "," 1,013,000 "," 1,167,000 "," 1,267,000 "," 1,278,000 "," 1,320,000 "," 1,335,000 "," 1,514,000 "," 1,771,000 "," 1,959,000 "," 2,071,000 "," 2,302,000 "," 2,409,000 "," 2,309,000 "," 2,495,000 "," 2,526,000 "," 2,542,000 "," 2,641,000 "," 2,760,000 "," 2,899,000 "," 3,204,000 "," 3,231,000 "," 3,313,000 "," 3,366,000 "," 1,146,500 ",
Caribbean small states,CSS," 8,608,437 "," 9,027,600 "," 9,357,302 "," 9,482,951 "," 9,901,109 "," 11,115,377 "," 10,923,386 "," 11,075,114 "," 12,223,187 "," 13,943,780 "," 13,151,761 "," 13,524,000 "," 13,774,000 "," 13,494,000 "," 14,132,000 "," 14,853,000 "," 15,421,000 "," 15,540,000 "," 15,674,000 "," 16,644,000 "," 17,200,000 "," 17,638,000 "," 18,488,000 "," 19,669,835 "," 19,819,087 ", -   ,
Cuba,CUB," 745,000 "," 1,004,000 "," 1,170,000 "," 1,416,000 "," 1,603,000 "," 1,774,000 "," 1,775,000 "," 1,686,000 "," 1,906,000 "," 2,049,000 "," 2,319,000 "," 2,221,000 "," 2,152,000 "," 2,348,000 "," 2,430,000 "," 2,532,000 "," 2,716,000 "," 2,847,000 "," 2,862,000 "," 3,014,000 "," 3,540,000 "," 4,009,000 "," 4,654,000 "," 4,712,000 "," 4,276,000 "," 1,086,000 ",
Curacao,CUW," 396,000 "," 387,000 "," 422,000 "," 437,000 "," 433,000 "," 514,000 "," 519,000 "," 545,000 "," 508,000 "," 452,000 "," 510,000 "," 572,000 "," 664,000 "," 773,000 "," 808,000 "," 762,000 "," 837,000 "," 908,000 "," 1,071,000 "," 1,129,000 "," 1,072,000 "," 944,000 "," 1,058,000 "," 1,210,000 "," 1,293,000 ", -   ,
Cayman Islands,CYM," 1,044,000 "," 1,173,000 "," 1,248,000 "," 1,275,000 "," 1,431,000 "," 1,385,000 "," 1,549,000 "," 1,878,000 "," 2,113,000 "," 1,953,000 "," 1,967,000 "," 2,197,000 "," 2,008,000 "," 1,856,000 "," 1,792,000 "," 1,886,000 "," 1,710,000 "," 1,829,000 "," 1,721,000 "," 1,993,000 "," 2,102,000 "," 2,097,000 "," 2,147,000 "," 2,384,000 "," 2,334,000 "," 660,000 ",
Cyprus,CYP," 2,253,000 "," 2,089,000 "," 2,194,000 "," 2,357,000 "," 2,578,000 "," 2,912,000 "," 2,841,000 "," 2,495,000 "," 2,416,000 "," 2,478,000 "," 2,657,000 "," 2,629,000 "," 2,671,000 "," 2,631,000 "," 2,370,000 "," 2,450,000 "," 2,626,000 "," 2,635,000 "," 2,626,000 "," 2,558,000 "," 2,780,000 "," 3,286,000 "," 3,750,000 "," 4,024,000 "," 4,117,000 ", -   ,
Czech Republic,CZE, -   , -   , -   , -   , -   , -   , -   , -   ," 20,108,000 "," 23,808,000 "," 24,747,000 "," 25,102,000 "," 22,625,000 "," 21,850,000 "," 23,285,000 "," 21,941,000 "," 22,810,000 "," 25,750,000 "," 26,332,000 "," 27,166,000 "," 29,604,000 "," 32,519,000 "," 34,701,000 "," 36,268,000 "," 37,202,000 ", -   ,
Germany,DEU," 14,847,000 "," 15,205,000 "," 15,837,000 "," 16,511,000 "," 17,116,000 "," 18,983,000 "," 17,861,000 "," 17,969,000 "," 18,399,000 "," 20,137,000 "," 21,500,000 "," 23,569,000 "," 24,421,000 "," 24,884,000 "," 24,220,000 "," 26,875,000 "," 28,374,000 "," 30,411,000 "," 31,545,000 "," 32,999,000 "," 34,970,000 "," 35,555,000 "," 37,452,000 "," 38,881,000 "," 39,563,000 "," 12,449,000 ",
Djibouti,DJI," 21,000 "," 20,000 "," 20,000 "," 21,000 "," 21,000 "," 20,100 "," 21,600 "," 22,500 "," 23,200 "," 26,300 "," 30,200 "," 39,500 "," 40,000 "," 54,000 "," 58,000 "," 51,000 "," 56,000 "," 60,000 "," 63,000 ", -   , -   , -   , -   , -   , -   , -   ,
Dominica,DMA," 203,000 "," 261,000 "," 299,000 "," 312,000 "," 280,000 "," 312,000 "," 276,000 "," 208,000 "," 254,000 "," 466,000 "," 381,000 "," 465,000 "," 437,000 "," 468,000 "," 608,000 "," 595,000 "," 418,000 "," 348,000 "," 311,000 "," 370,000 "," 358,000 "," 356,000 "," 230,000 "," 199,000 "," 322,000 "," 140,000 ",
Denmark,DNK, -   , -   , -   , -   , -   , -   , -   , -   ," 21,119,000 "," 22,054,000 "," 26,927,000 "," 26,936,000 "," 27,138,000 "," 26,870,000 "," 26,571,000 "," 26,730,000 "," 25,811,000 "," 26,402,000 "," 26,516,000 "," 28,070,000 "," 28,209,000 "," 28,692,000 "," 30,736,000 "," 30,801,000 "," 33,093,000 "," 15,595,000 ",
Dominican Republic,DOM," 1,806,000 "," 2,037,000 "," 2,482,000 "," 2,702,000 "," 2,932,000 "," 3,161,000 "," 3,090,000 "," 3,058,000 "," 3,680,000 "," 3,907,000 "," 3,981,000 "," 4,268,000 "," 4,365,000 "," 4,455,000 "," 4,489,000 "," 4,478,000 "," 4,654,000 "," 4,901,000 "," 5,114,000 "," 5,576,000 "," 6,129,000 "," 6,769,000 "," 7,296,000 "," 7,551,000 "," 7,550,000 "," 2,748,000 ",
Algeria,DZA," 520,000 "," 605,000 "," 635,000 "," 678,000 "," 749,000 "," 866,000 "," 901,000 "," 988,000 "," 1,166,000 "," 1,234,000 "," 1,443,000 "," 1,638,000 "," 1,743,000 "," 1,772,000 "," 1,912,000 "," 2,070,000 "," 2,395,000 "," 2,634,000 "," 2,733,000 "," 2,301,000 "," 1,710,000 "," 2,039,000 "," 2,451,000 "," 2,657,000 "," 2,371,000 "," 591,000 ",
East Asia & Pacific (excluding high income),EAP," 70,697,673 "," 77,174,406 "," 83,285,871 "," 88,453,860 "," 101,735,448 "," 116,409,726 "," 125,452,248 "," 136,489,563 "," 125,706,248 "," 152,728,066 "," 165,948,098 "," 174,721,884 "," 188,386,804 "," 188,916,100 "," 186,368,423 "," 200,103,461 "," 208,057,749 "," 211,756,291 "," 217,301,339 "," 219,499,633 "," 232,372,388 "," 246,129,470 "," 267,094,232 "," 281,129,641 "," 292,842,169 ", -   ,
Early-demographic dividend,EAR," 163,202,806 "," 170,263,613 "," 174,864,015 "," 177,703,745 "," 181,005,514 "," 190,532,160 "," 184,896,885 "," 190,886,935 "," 186,159,243 "," 208,858,479 "," 220,351,005 "," 222,512,638 "," 237,447,687 "," 253,965,566 "," 245,231,108 "," 260,218,031 "," 251,178,036 "," 266,770,387 "," 276,291,316 "," 298,030,474 "," 305,091,376 "," 301,876,959 "," 326,787,965 "," 350,576,700 "," 369,336,989 ", -   ,
East Asia & Pacific,EAS," 112,957,455 "," 124,181,142 "," 127,838,206 "," 130,699,434 "," 147,606,095 "," 168,455,263 "," 178,795,260 "," 194,873,221 "," 180,513,147 "," 224,750,643 "," 243,811,864 "," 259,502,081 "," 283,352,757 "," 281,400,381 "," 276,931,048 "," 306,945,190 "," 324,630,665 "," 341,731,569 "," 359,795,036 "," 378,067,656 "," 395,583,346 "," 422,310,010 "," 449,587,159 "," 480,202,482 "," 490,804,002 ", -   ,
Europe & Central Asia (excluding high income),ECA," 41,254,641 "," 47,928,374 "," 60,730,927 "," 53,958,383 "," 53,587,391 "," 61,157,452 "," 63,741,445 "," 69,761,847 "," 73,537,449 "," 83,794,261 "," 92,511,429 "," 95,695,881 "," 113,529,422 "," 123,903,648 "," 115,245,402 "," 119,087,288 "," 132,498,762 "," 142,150,828 "," 151,065,268 "," 140,838,192 "," 142,759,135 "," 134,101,500 "," 149,456,828 "," 169,084,766 "," 180,880,472 ", -   ,
Europe & Central Asia,ECS," 610,098,798 "," 647,080,738 "," 685,140,036 "," 695,696,269 "," 706,815,711 "," 746,290,156 "," 714,973,123 "," 723,771,887 "," 736,933,750 "," 784,677,456 "," 815,823,431 "," 854,328,332 "," 883,815,854 "," 884,795,564 "," 854,438,374 "," 869,779,367 "," 918,783,440 "," 944,560,918 "," 980,013,821 "," 997,036,505 "," 1,026,805,426 "," 1,055,431,735 "," 1,112,981,075 "," 1,157,868,195 "," 1,199,188,499 ", -   ,
Ecuador,ECU," 440,000 "," 494,000 "," 529,000 "," 511,000 "," 518,000 "," 627,000 "," 641,000 "," 683,000 "," 761,000 "," 819,000 "," 860,000 "," 841,000 "," 937,000 "," 1,005,000 "," 968,000 "," 1,047,000 "," 1,141,000 "," 1,272,000 "," 1,364,000 "," 1,695,000 "," 1,676,000 "," 1,569,000 "," 1,806,000 "," 2,535,000 "," 2,108,000 ", -   ,
"Egypt, Arab Rep.",EGY," 3,133,000 "," 3,896,000 "," 3,961,000 "," 3,454,000 "," 4,797,000 "," 5,506,000 "," 4,648,000 "," 5,192,000 "," 6,044,000 "," 8,104,000 "," 8,608,000 "," 9,083,000 "," 11,091,000 "," 12,835,000 "," 12,536,000 "," 14,731,000 "," 9,845,000 "," 11,532,000 "," 9,464,000 "," 9,878,000 "," 9,328,000 "," 5,399,000 "," 8,292,000 "," 11,346,000 "," 13,026,000 ", -   ,
Euro area,EMU, -   , -   , -   , -   , -   , -   , -   , -   , -   ," 453,619,921 "," 462,527,033 "," 489,625,063 "," 494,727,795 "," 495,768,984 "," 483,880,961 "," 491,730,016 "," 514,734,250 "," 520,092,217 "," 539,066,000 "," 555,108,000 "," 571,048,000 "," 590,598,000 "," 617,852,000 "," 638,607,602 "," 655,573,448 ", -   ,
Eritrea,ERI," 315,000 "," 417,000 "," 410,000 "," 188,000 "," 57,000 "," 70,000 "," 113,000 "," 101,000 "," 80,000 "," 87,000 "," 83,000 "," 78,000 "," 81,000 "," 70,000 "," 79,000 "," 84,000 "," 107,000 "," 129,000 "," 141,000 "," 119,000 "," 114,000 "," 142,000 ", -   , -   , -   , -   ,
Spain,ESP," 52,460,000 "," 55,077,000 "," 62,415,000 "," 68,068,000 "," 72,040,000 "," 74,580,000 "," 75,564,000 "," 79,313,000 "," 82,326,000 "," 85,981,000 "," 92,563,000 "," 96,152,000 "," 98,907,000 "," 97,670,000 "," 91,899,000 "," 93,744,000 "," 99,187,000 "," 98,128,000 "," 103,231,000 "," 107,144,000 "," 109,834,000 "," 115,561,000 "," 121,717,000 "," 124,456,000 "," 126,170,000 "," 36,410,000 ",
Estonia,EST," 2,111,000 "," 2,444,000 "," 2,618,000 "," 2,909,000 "," 3,181,000 "," 3,310,000 "," 3,230,000 "," 3,253,000 "," 3,378,000 ", -   , -   , -   , -   ," 3,828,000 "," 3,834,000 "," 4,369,000 "," 4,907,000 "," 5,007,000 "," 5,737,000 "," 5,804,000 "," 5,696,000 "," 5,942,000 "," 6,145,000 "," 6,033,000 "," 6,103,000 "," 1,695,000 ",
Ethiopia,ETH," 103,000 "," 109,000 "," 139,000 "," 112,000 "," 115,000 "," 136,000 "," 148,000 "," 156,000 "," 180,000 "," 184,000 "," 227,000 "," 330,000 "," 358,000 "," 383,000 "," 427,000 "," 468,000 "," 523,000 "," 597,000 "," 681,000 "," 770,000 "," 864,000 "," 871,000 "," 933,000 "," 849,000 "," 812,000 "," 518,000 ",
European Union,EUU," 543,501,922 "," 568,078,352 "," 592,858,235 "," 608,641,366 "," 622,202,306 "," 650,173,238 "," 616,082,121 "," 615,268,114 "," 625,662,233 "," 658,492,799 "," 678,884,822 "," 711,022,667 "," 723,200,888 "," 717,085,326 "," 695,775,048 "," 708,410,742 "," 743,016,205 "," 759,681,882 "," 784,371,000 "," 809,619,000 "," 835,937,000 "," 870,371,000 "," 910,869,000 "," 938,485,602 "," 968,873,375 ", -   ,
Fragile and conflict affected situations,FCS," 10,765,835 "," 11,567,238 "," 10,978,637 "," 11,908,732 "," 12,500,228 "," 13,329,950 "," 14,607,272 "," 16,446,497 "," 17,350,163 "," 19,975,986 "," 20,088,165 "," 21,663,575 "," 25,383,280 "," 29,047,239 "," 31,567,087 "," 36,919,297 "," 30,416,045 "," 32,472,106 "," 33,260,754 ", -   , -   , -   , -   , -   , -   , -   ,
Finland,FIN," 1,779,000 "," 1,724,000 "," 1,832,000 "," 2,644,000 "," 2,454,000 "," 2,714,000 "," 2,826,000 "," 2,875,000 "," 2,601,000 "," 2,840,000 "," 3,140,000 "," 3,375,000 "," 3,519,000 "," 3,583,000 "," 3,423,000 "," 3,670,000 "," 4,192,000 "," 4,226,000 "," 2,797,000 "," 2,731,000 "," 2,622,000 "," 2,789,000 "," 3,180,000 "," 3,224,000 "," 3,290,000 "," 896,000 ",
Fiji,FJI," 476,000 "," 534,000 "," 547,000 "," 499,000 "," 544,000 "," 434,000 "," 446,000 "," 461,000 "," 451,000 "," 513,000 "," 547,000 ", -   ," 542,000 "," 627,000 "," 605,000 "," 692,000 "," 734,000 "," 741,000 "," 769,000 "," 781,000 "," 869,000 "," 963,000 "," 1,027,000 "," 1,058,000 "," 969,000 "," 168,000 ",
France,FRA, -   ," 148,263,000 "," 157,551,000 ", -   , -   , -   , -   , -   , -   ," 190,282,000 "," 185,829,000 "," 193,882,000 "," 193,319,000 "," 193,571,000 "," 192,369,000 "," 189,826,000 "," 196,595,000 "," 197,522,000 "," 204,410,000 "," 206,599,000 "," 203,302,000 "," 203,042,000 "," 207,274,000 "," 211,998,000 "," 217,877,000 "," 117,109,000 ",
Faroe Islands,FRO, -   , -   , -   , -   , -   , -   , -   , -   , -   , -   , -   , -   , -   , -   , -   , -   , -   , -   , -   , -   , -   , -   , -   , -   , -   , -   ,
"Micronesia, Fed. Sts.",FSM, -   ," 17,600 "," 17,200 "," 13,400 "," 16,100 "," 20,500 "," 15,300 "," 19,100 "," 18,200 "," 19,300 "," 19,000 "," 19,100 "," 21,100 "," 25,700 "," 47,500 "," 44,700 "," 35,400 "," 38,300 "," 42,100 "," 35,400 "," 31,200 "," 29,600 ", -   ," 19,200 "," 18,000 ", -   ,
Gabon,GAB," 203,000 "," 217,000 "," 247,000 "," 274,000 "," 262,000 "," 230,000 "," 236,000 "," 269,000 "," 234,000 "," 351,000 "," 526,000 ", -   , -   , -   , -   , -   , -   , -   , -   , -   , -   , -   , -   , -   , -   , -   ,
United Kingdom,GBR," 23,537,000 "," 25,163,000 "," 25,515,000 "," 25,745,000 "," 25,394,000 "," 25,209,000 "," 22,835,000 "," 24,180,000 "," 24,715,000 "," 27,755,000 "," 29,970,000 "," 32,713,000 "," 32,778,000 "," 31,888,000 "," 31,072,000 "," 30,398,000 "," 31,886,000 "," 32,221,000 "," 33,567,000 "," 35,337,000 "," 36,792,000 "," 39,129,000 "," 41,080,000 "," 40,283,000 "," 40,857,000 "," 11,101,000 ",
Georgia,GEO," 85,000 "," 117,000 "," 313,000 "," 317,000 "," 384,000 "," 387,000 "," 302,000 "," 298,000 "," 313,000 "," 368,000 "," 560,000 "," 983,000 "," 1,052,000 "," 1,290,000 "," 1,500,000 "," 2,032,000 "," 2,712,000 "," 4,106,000 "," 4,954,000 "," 5,004,000 "," 5,256,000 "," 5,393,000 "," 6,483,000 "," 7,203,000 "," 7,726,000 "," 1,513,000 ",
Ghana,GHA," 286,000 "," 305,000 "," 325,000 "," 348,000 "," 373,000 "," 399,000 "," 439,000 "," 483,000 "," 531,000 "," 584,000 "," 429,000 "," 497,000 "," 587,000 "," 698,000 "," 803,000 "," 931,000 "," 821,000 "," 903,000 "," 994,000 "," 825,000 "," 897,000 ", -   , -   , -   , -   , -   ,
Gibraltar,GIB, -   , -   , -   , -   , -   , -   , -   , -   , -   , -   , -   , -   , -   , -   , -   , -   , -   , -   , -   , -   , -   , -   , -   , -   , -   , -   ,
Guinea,GIN, -   ," 12,000 "," 17,000 "," 23,000 "," 27,000 "," 33,000 "," 38,000 "," 43,000 "," 44,000 "," 45,000 "," 45,000 "," 46,100 "," 30,000 "," 24,000 ", -   ," 12,400 "," 131,000 "," 96,000 "," 56,000 "," 33,000 "," 35,000 "," 63,000 "," 99,000 ", -   , -   , -   ,
"Gambia, The",GMB," 45,000 "," 77,000 "," 85,000 "," 91,000 "," 96,000 "," 79,000 "," 57,000 "," 81,000 "," 89,000 "," 90,000 "," 108,000 "," 125,000 "," 143,000 "," 147,000 "," 142,000 "," 91,000 "," 106,000 "," 157,000 "," 171,000 "," 156,000 "," 449,000 "," 450,000 "," 522,000 "," 552,000 "," 620,000 "," 246,000 ",
Guinea-Bissau,GNB, -   , -   , -   , -   , -   , -   ," 7,800 ", -   , -   , -   ," 5,000 "," 11,600 "," 15,600 "," 18,000 "," 16,000 "," 22,300 "," 36,700 "," 35,400 "," 35,500 "," 36,100 "," 43,800 "," 45,200 "," 49,500 "," 55,000 "," 52,400 ", -   ,
Equatorial Guinea,GNQ, -   , -   , -   , -   , -   , -   , -   , -   , -   , -   , -   , -   , -   , -   , -   , -   , -   , -   , -   , -   , -   , -   , -   , -   , -   , -   ,
Greece,GRC," 10,712,000 "," 9,782,000 "," 10,588,000 "," 11,364,000 "," 12,606,000 "," 13,567,000 "," 14,678,000 "," 14,918,000 "," 14,785,000 "," 14,268,000 "," 15,938,000 "," 17,284,000 ", -   , -   , -   , -   , -   , -   ," 20,112,000 "," 24,272,000 "," 26,114,000 "," 28,071,000 "," 30,161,000 "," 33,072,000 "," 34,005,000 "," 7,406,000 ",
Grenada,GRD," 369,000 "," 386,000 "," 368,000 "," 392,000 "," 379,000 "," 316,000 "," 277,000 "," 271,000 "," 294,000 "," 370,000 "," 380,000 "," 342,000 "," 406,000 "," 428,000 "," 460,000 "," 445,000 "," 447,000 "," 370,000 "," 327,000 "," 387,000 "," 437,000 "," 474,000 "," 468,000 "," 529,000 "," 526,000 "," 217,000 ",
Greenland,GRL, -   , -   , -   , -   , -   , -   , -   , -   , -   , -   , -   , -   , -   , -   , -   , -   , -   , -   , -   , -   , -   , -   , -   , -   , -   , -   ,
Guatemala,GTM," 563,000 "," 520,000 "," 576,000 "," 636,000 "," 823,000 "," 826,000 "," 835,000 "," 884,000 "," 880,000 "," 1,182,000 "," 1,316,000 "," 1,502,000 "," 1,628,000 "," 1,715,000 "," 1,311,000 "," 1,384,000 "," 1,434,000 "," 1,491,000 "," 1,516,000 "," 1,739,000 "," 1,865,000 "," 1,906,000 "," 2,120,000 "," 2,406,000 "," 2,560,000 "," 594,000 ",
Guam,GUM," 1,362,000 "," 1,373,000 "," 1,382,000 "," 1,137,000 "," 1,162,000 "," 1,287,000 "," 1,159,000 "," 1,059,000 "," 910,000 "," 1,160,000 "," 1,228,000 "," 1,212,000 "," 1,225,000 "," 1,142,000 "," 1,053,000 "," 1,197,000 "," 1,160,000 "," 1,308,000 "," 1,334,000 "," 1,343,000 "," 1,409,000 "," 1,536,000 "," 1,545,000 "," 1,549,000 "," 1,667,000 "," 328,000 ",
Guyana,GUY," 106,000 "," 92,000 "," 76,000 "," 66,000 "," 75,000 "," 105,000 "," 99,000 "," 104,000 "," 101,000 "," 122,000 "," 117,000 "," 113,000 "," 134,000 "," 130,000 "," 141,000 "," 152,000 "," 157,000 "," 177,000 "," 200,000 "," 206,000 "," 207,000 "," 235,000 "," 247,000 "," 287,000 "," 315,000 "," 86,400 ",
High income,HIC," 790,212,426 "," 829,886,178 "," 856,250,307 "," 866,369,960 "," 886,282,224 "," 929,784,136 "," 884,986,860 "," 879,165,851 "," 871,624,379 "," 939,596,423 "," 969,910,116 "," 1,128,257,223 "," 1,143,132,373 "," 1,134,881,111 "," 1,087,553,476 "," 1,124,271,992 "," 1,153,167,525 "," 1,215,900,943 "," 1,266,070,915 "," 1,315,757,995 "," 1,349,915,164 "," 1,403,510,282 "," 1,453,128,423 "," 1,491,870,217 "," 1,522,430,053 ", -   ,
"Hong Kong SAR, China",HKG," 10,200,000 "," 12,974,000 "," 11,273,000 "," 10,160,000 "," 11,328,000 "," 13,059,000 "," 13,725,000 "," 16,566,000 "," 15,537,000 "," 21,811,000 "," 23,359,000 "," 25,251,000 "," 28,169,000 "," 29,507,000 "," 29,591,000 "," 36,030,000 "," 41,921,000 "," 48,615,000 "," 54,299,000 "," 60,839,000 "," 59,308,000 "," 56,655,000 "," 58,472,000 "," 65,148,000 "," 55,913,000 "," 3,569,000 ",
Honduras,HND, -   ," 271,000 "," 310,000 "," 324,000 "," 428,000 "," 689,000 "," 672,000 "," 788,000 "," 887,000 "," 1,026,000 "," 1,118,000 "," 1,136,000 "," 1,309,000 "," 1,561,000 "," 1,589,000 "," 1,965,000 "," 1,852,000 "," 1,903,000 "," 1,857,000 "," 2,082,000 "," 2,093,000 "," 2,228,000 "," 2,144,000 "," 2,323,000 "," 2,315,000 "," 669,000 ",
Heavily indebted poor countries (HIPC),HPC, -   ," 5,750,450 "," 6,186,267 "," 6,328,430 "," 7,115,931 "," 7,778,591 "," 8,160,225 "," 9,043,190 "," 9,192,544 "," 10,209,662 "," 11,488,152 "," 12,898,474 "," 14,613,530 "," 15,475,610 "," 15,905,712 "," 17,437,169 "," 19,068,518 "," 20,446,470 "," 21,285,585 "," 21,852,007 "," 23,619,335 "," 25,289,047 "," 27,119,321 "," 29,458,451 "," 29,134,874 ", -   ,
Croatia,HRV," 16,100,000 "," 19,085,000 "," 23,660,000 "," 25,499,000 "," 29,215,000 "," 37,226,000 "," 40,129,000 "," 41,737,000 "," 42,857,000 "," 44,974,000 "," 45,762,000 "," 47,733,000 "," 52,271,000 "," 51,336,000 "," 47,573,000 "," 49,006,000 "," 49,969,000 "," 47,185,000 "," 48,345,000 "," 51,168,000 "," 55,858,000 "," 57,587,000 "," 59,238,000 "," 57,668,000 "," 60,021,000 "," 21,608,000 ",
Haiti,HTI," 370,000 "," 400,000 "," 387,000 "," 393,000 "," 386,000 "," 445,000 "," 499,000 "," 482,000 "," 518,000 "," 385,000 "," 480,000 "," 558,000 "," 868,000 "," 758,000 "," 826,000 "," 793,000 "," 946,000 "," 959,000 "," 1,064,000 "," 1,127,600 "," 1,190,000 "," 1,153,000 "," 1,262,000 "," 1,333,000 "," 938,000 ", -   ,
Hungary,HUN," 39,240,000 "," 39,833,000 "," 37,315,000 "," 33,624,000 "," 28,803,000 "," 31,141,000 "," 30,679,000 "," 31,739,000 "," 31,412,000 "," 33,934,000 "," 36,173,000 "," 38,318,000 "," 39,379,000 "," 39,554,000 "," 40,624,000 "," 39,904,000 "," 41,304,000 "," 43,565,000 "," 43,611,000 "," 45,984,000 "," 48,345,000 "," 52,890,000 "," 54,962,000 "," 57,667,000 "," 61,397,000 "," 31,641,000 ",
IBRD only,IBD," 356,802,552 "," 381,711,595 "," 407,771,931 "," 414,169,390 "," 437,116,872 "," 468,296,049 "," 453,337,858 "," 461,400,703 "," 453,203,859 "," 519,447,298 "," 553,668,384 "," 569,028,747 "," 606,513,212 "," 614,737,922 "," 588,744,193 "," 618,728,471 "," 631,384,272 "," 653,441,090 "," 674,498,601 "," 683,100,777 "," 710,624,637 "," 732,382,441 "," 787,599,417 "," 823,988,847 "," 852,166,956 ", -   ,
IDA & IBRD total,IBT," 385,651,376 "," 413,555,346 "," 441,764,120 "," 449,512,247 "," 474,501,179 "," 508,311,572 "," 493,824,389 "," 504,227,902 "," 496,859,855 "," 569,823,563 "," 606,222,960 "," 626,141,605 "," 671,923,148 "," 683,771,447 "," 659,261,625 "," 695,222,798 "," 706,710,381 "," 733,806,692 "," 759,074,428 "," 771,435,637 "," 805,369,212 "," 826,247,857 "," 889,465,191 "," 939,010,263 "," 974,462,802 ", -   ,
IDA total,IDA," 15,731,076 "," 17,911,191 "," 19,106,201 "," 20,294,407 "," 21,509,371 "," 23,005,231 "," 24,182,673 "," 26,352,151 "," 27,591,739 "," 31,980,187 "," 32,888,291 "," 37,120,730 "," 44,274,304 "," 47,671,292 "," 50,223,430 "," 55,256,133 "," 53,613,909 "," 58,250,533 "," 62,020,322 "," 65,941,778 "," 71,927,095 "," 71,605,648 "," 78,201,600 "," 93,089,668 "," 100,914,424 ", -   ,
IDA blend,IDB, -   , -   , -   , -   , -   , -   , -   , -   , -   , -   , -   , -   , -   , -   , -   , -   , -   , -   , -   , -   , -   , -   , -   , -   , -   , -   ,
Indonesia,IDN," 4,324,000 "," 5,034,000 "," 5,185,000 "," 4,606,000 "," 4,728,000 "," 5,064,000 "," 5,153,000 "," 5,033,000 "," 4,467,000 "," 5,321,000 "," 5,002,000 "," 4,871,000 "," 5,506,000 "," 6,234,000 "," 6,324,000 "," 7,003,000 "," 7,650,000 "," 8,044,000 "," 8,802,000 "," 9,435,000 "," 10,407,000 "," 11,519,000 "," 14,040,000 "," 15,810,000 "," 16,107,000 "," 4,053,000 ",
IDA only,IDX," 8,090,808 "," 9,356,517 "," 9,636,376 "," 9,987,733 "," 10,993,030 "," 12,504,715 "," 13,101,064 "," 15,034,905 "," 15,535,677 "," 18,457,815 "," 19,225,120 "," 21,221,685 "," 24,248,165 "," 27,424,639 "," 28,669,901 "," 32,648,986 "," 32,417,430 "," 35,988,687 "," 40,041,484 "," 42,827,384 "," 46,442,583 "," 46,337,010 "," 50,308,716 "," 58,328,494 "," 63,144,063 ", -   ,
Isle of Man,IMN, -   , -   , -   , -   , -   , -   , -   , -   , -   , -   , -   , -   , -   , -   , -   , -   , -   , -   , -   , -   , -   , -   , -   , -   , -   , -   ,
India,IND," 2,124,000 "," 2,288,000 "," 2,374,000 "," 2,359,000 "," 2,482,000 "," 2,649,000 "," 2,537,000 "," 2,384,000 "," 2,726,000 "," 3,457,000 "," 3,919,000 "," 4,447,000 "," 5,082,000 "," 5,283,000 "," 5,168,000 "," 5,776,000 "," 6,309,000 "," 6,578,000 "," 6,968,000 "," 13,107,000 "," 13,284,000 "," 14,570,000 "," 15,543,000 "," 17,423,000 "," 17,914,000 ", -   ,
Not classified,INX, -   , -   , -   , -   , -   , -   , -   , -   , -   , -   , -   , -   , -   , -   , -   , -   , -   , -   , -   , -   , -   , -   , -   , -   , -   , -   ,
Ireland,IRL," 4,818,000 "," 5,289,000 "," 5,587,000 "," 6,064,000 "," 6,403,000 "," 6,646,000 "," 6,353,000 "," 6,476,000 "," 6,764,000 "," 6,953,000 "," 7,333,000 "," 8,001,000 "," 8,332,000 "," 8,026,000 "," 7,189,000 "," 7,134,000 "," 7,630,000 "," 7,550,000 "," 8,260,000 "," 8,813,000 "," 9,528,000 "," 10,100,000 "," 10,338,000 "," 10,926,000 "," 10,951,000 ", -   ,
"Iran, Islamic Rep.",IRN," 452,000 "," 573,000 "," 764,000 "," 1,008,000 "," 1,321,000 "," 1,342,000 "," 1,402,000 "," 1,585,000 "," 1,546,000 "," 1,659,000 "," 1,889,000 "," 2,735,000 "," 2,219,000 "," 2,034,000 "," 2,116,000 "," 2,938,000 "," 3,354,000 "," 3,834,000 "," 4,769,000 "," 4,968,000 "," 5,237,000 "," 4,942,000 "," 4,867,000 "," 7,295,000 "," 9,107,000 "," 1,550,000 ",
Iraq,IRQ," 61,000 "," 51,000 "," 15,000 "," 45,000 "," 30,000 "," 78,000 "," 127,000 ", -   , -   , -   , -   , -   , -   ," 864,000 "," 1,262,000 "," 1,518,000 "," 1,510,000 "," 1,111,000 "," 892,000 ", -   , -   , -   , -   , -   , -   , -   ,
Iceland,ISL," 211,000 "," 223,000 "," 223,000 "," 255,000 "," 281,000 "," 328,000 "," 329,000 "," 315,000 "," 348,000 "," 405,000 "," 429,000 "," 477,000 "," 539,000 "," 561,000 "," 563,000 "," 559,000 "," 628,000 "," 765,000 "," 900,000 "," 1,102,000 "," 1,389,000 "," 1,891,000 "," 2,353,000 "," 2,488,000 "," 2,202,000 "," 488,000 ",
Israel,ISR," 2,530,000 "," 2,360,000 "," 2,295,000 "," 2,200,000 "," 2,566,000 "," 2,672,000 "," 1,219,000 "," 862,100 ", -   ," 1,505,800 "," 1,916,000 "," 1,834,000 "," 2,294,000 "," 3,034,000 "," 2,740,000 "," 3,444,000 "," 3,362,000 "," 3,520,000 "," 3,540,000 "," 3,251,000 "," 3,109,000 "," 3,070,000 "," 3,863,000 "," 4,389,000 "," 4,905,000 ", -   ,
Italy,ITA," 55,706,000 "," 59,805,000 "," 57,998,000 "," 58,499,000 "," 59,521,000 "," 62,702,000 "," 60,960,000 "," 63,561,000 "," 63,026,000 "," 58,480,000 "," 59,230,000 "," 66,353,000 "," 70,271,000 "," 70,719,000 "," 71,692,000 "," 73,225,000 "," 75,866,000 "," 76,293,000 "," 76,762,000 "," 77,694,000 "," 81,068,000 "," 84,925,000 "," 89,931,000 "," 93,228,602 "," 95,399,000 "," 38,419,000 ",
Jamaica,JAM," 1,752,000 "," 1,821,000 "," 1,904,000 "," 1,899,000 "," 2,013,000 "," 2,230,000 "," 2,117,000 "," 2,131,000 "," 2,483,000 "," 2,515,000 "," 2,615,000 "," 3,016,000 "," 2,880,000 "," 2,859,000 "," 2,753,000 "," 2,832,000 "," 3,077,000 "," 3,306,000 "," 3,274,000 "," 3,504,000 "," 3,692,000 "," 3,837,000 "," 4,276,000 "," 4,319,000 "," 4,233,000 "," 1,329,700 ",
Jordan,JOR," 3,277,000 "," 3,164,000 "," 3,068,000 "," 3,438,000 "," 3,231,000 "," 2,700,000 "," 3,034,000 "," 4,677,000 "," 4,600,000 "," 5,587,000 "," 5,817,000 "," 6,573,000 "," 6,529,000 "," 7,100,000 "," 7,085,000 "," 8,078,000 "," 6,813,000 "," 6,314,000 "," 5,389,000 "," 5,327,000 "," 4,809,000 "," 4,236,000 "," 4,565,000 "," 4,922,000 "," 5,361,000 "," 1,240,000 ",
Japan,JPN," 3,345,000 "," 3,837,000 "," 4,218,000 "," 4,106,000 "," 4,438,000 "," 4,757,000 "," 4,772,000 "," 5,239,000 "," 5,212,000 "," 6,138,000 "," 6,728,000 "," 7,334,000 "," 8,347,000 "," 8,351,000 "," 6,790,000 "," 8,611,000 "," 6,219,000 "," 8,358,000 "," 10,364,000 "," 13,413,000 "," 19,737,000 "," 24,039,000 "," 28,691,000 "," 31,191,000 "," 31,881,000 "," 4,115,800 ",
Kazakhstan,KAZ, -   ," 202,000 "," 284,000 "," 257,000 "," 394,000 "," 1,683,000 "," 2,693,000 "," 3,678,000 "," 3,237,000 "," 4,291,000 "," 4,365,000 "," 4,707,000 "," 5,311,000 "," 4,117,000 "," 3,774,000 "," 4,097,000 "," 5,685,000 "," 6,163,000 "," 6,841,000 "," 6,333,000 "," 6,430,000 "," 6,509,000 "," 7,701,000 "," 8,789,000 "," 8,515,000 "," 2,035,000 ",
Kenya,KEN," 974,000 "," 1,003,000 "," 1,001,000 "," 894,000 "," 969,000 "," 1,037,000 "," 994,000 "," 1,001,000 "," 1,146,000 "," 1,361,000 "," 1,479,000 "," 1,601,000 "," 1,817,000 "," 1,203,000 "," 1,490,000 "," 1,609,000 "," 1,823,000 "," 1,711,000 "," 1,520,000 "," 1,350,000 "," 1,181,000 "," 1,340,000 "," 1,449,000 "," 2,025,000 "," 2,049,000 ", -   ,
Kyrgyz Republic,KGZ, -   , -   , -   ," 290,000 "," 165,000 "," 173,000 "," 199,000 "," 183,000 "," 342,000 "," 398,000 "," 319,000 "," 766,000 "," 1,656,000 "," 2,379,000 "," 2,451,000 "," 1,224,000 "," 3,025,000 "," 3,393,000 "," 4,134,000 "," 3,791,000 "," 4,000,000 "," 3,853,000 "," 4,568,000 "," 6,947,000 "," 8,508,000 ", -   ,
Cambodia,KHM," 220,000 "," 260,000 "," 219,000 "," 287,000 "," 368,000 "," 466,000 "," 605,000 "," 787,000 "," 701,000 "," 1,055,000 "," 1,422,000 "," 1,700,000 "," 2,015,000 "," 2,125,000 "," 2,162,000 "," 2,508,000 "," 2,882,000 "," 3,584,000 "," 4,210,000 "," 4,503,000 "," 4,775,000 "," 5,012,000 "," 5,602,000 "," 6,201,000 "," 6,611,000 "," 1,306,000 ",
Kiribati,KIR, -   , -   , -   , -   ," 20,300 "," 13,400 "," 14,500 "," 119,500 "," 130,100 "," 63,900 "," 50,200 "," 10,800 "," 32,300 ", -   , -   , -   , -   , -   , -   ," 8,300 "," 8,200 "," 7,600 "," 7,500 "," 9,000 "," 12,000 ", -   ,
St. Kitts and Nevis,KNA," 203,000 "," 172,000 "," 194,000 "," 250,000 "," 226,000 "," 247,000 "," 334,000 "," 240,000 "," 247,000 "," 383,000 "," 365,000 "," 350,000 "," 379,000 "," 533,000 "," 548,000 "," 624,000 "," 723,000 "," 666,000 "," 695,000 "," 818,000 "," 1,036,000 "," 1,055,000 "," 1,194,000 "," 1,278,000 "," 1,107,000 "," 301,400 ",
"Korea, Rep.",KOR," 3,753,000 "," 3,684,000 "," 3,908,000 "," 4,250,000 "," 4,660,000 "," 5,322,000 "," 5,147,000 "," 5,347,000 "," 4,753,000 "," 5,818,000 "," 6,023,000 "," 6,155,000 "," 6,448,000 "," 6,891,000 "," 7,818,000 "," 8,798,000 "," 9,795,000 "," 11,140,000 "," 12,176,000 "," 14,202,000 "," 13,232,000 "," 17,242,000 "," 13,336,000 "," 15,347,000 "," 17,503,000 "," 2,519,000 ",
Kuwait,KWT," 1,443,000 "," 1,565,000 "," 1,638,000 "," 1,763,000 "," 1,884,000 "," 1,944,000 "," 2,072,000 "," 2,316,000 "," 2,602,000 "," 3,056,000 "," 3,474,000 "," 3,899,000 "," 4,482,000 "," 4,736,000 "," 5,088,000 "," 5,208,000 "," 5,574,000 "," 5,729,000 "," 6,217,000 "," 6,528,000 "," 6,941,000 "," 7,055,000 "," 7,407,000 "," 8,508,000 "," 8,565,000 "," 2,161,000 ",
Latin America & Caribbean (excluding high income),LAC," 118,759,609 "," 122,091,620 "," 124,222,951 "," 128,596,769 "," 131,143,149 "," 135,852,473 "," 129,631,537 "," 128,164,683 "," 122,614,563 "," 132,972,759 "," 139,293,879 "," 136,738,000 "," 135,404,000 "," 136,305,000 "," 130,549,000 "," 128,009,000 "," 124,212,000 "," 126,982,000 "," 129,584,000 "," 136,666,600 "," 145,821,000 "," 156,330,000 "," 165,093,000 "," 164,604,174 "," 165,233,237 ", -   ,
Lao PDR,LAO," 346,000 "," 403,000 "," 463,000 "," 500,000 "," 614,000 "," 737,000 "," 674,000 "," 736,000 "," 636,000 "," 895,000 "," 1,095,000 "," 1,215,000 "," 1,624,000 "," 1,737,000 "," 2,008,000 "," 2,513,000 "," 2,724,000 "," 3,330,000 "," 3,779,000 "," 4,159,000 "," 4,684,000 "," 4,239,000 "," 3,869,000 "," 4,186,000 "," 4,791,000 "," 886,400 ",
Lebanon,LBN," 450,000 "," 424,000 "," 558,000 "," 631,000 "," 673,000 "," 742,000 "," 837,000 "," 956,000 "," 1,016,000 "," 1,278,000 "," 1,140,000 "," 1,063,000 "," 1,017,000 "," 1,333,000 "," 1,844,000 "," 2,168,000 "," 1,655,000 "," 1,366,000 "," 1,274,000 "," 1,355,000 "," 1,518,000 "," 1,688,000 "," 1,857,000 "," 1,964,000 "," 1,936,000 ", -   ,
Liberia,LBR, -   , -   , -   , -   , -   , -   , -   , -   , -   , -   , -   , -   , -   , -   , -   , -   , -   , -   , -   , -   , -   , -   , -   , -   , -   , -   ,
Libya,LBY," 1,832,000 "," 1,276,000 "," 913,000 "," 850,000 "," 965,000 "," 963,000 "," 953,000 "," 858,000 "," 958,000 ", -   , -   ," 125,000 "," 106,000 "," 760,000 ", -   , -   , -   , -   , -   , -   , -   , -   , -   , -   , -   , -   ,
St. Lucia,LCA," 407,000 "," 422,000 "," 563,000 "," 629,000 "," 666,000 "," 727,000 "," 747,000 "," 648,000 "," 683,000 "," 791,000 "," 720,000 "," 670,000 "," 905,000 "," 925,000 "," 982,000 "," 984,000 "," 950,000 "," 889,000 "," 921,000 "," 987,000 "," 1,031,000 "," 948,000 "," 1,064,000 "," 1,165,000 "," 1,220,000 "," 432,500 ",
Latin America & Caribbean,LCN," 140,093,252 "," 144,212,164 "," 147,782,610 "," 152,444,258 "," 154,422,845 "," 161,345,289 "," 155,630,805 "," 152,947,999 "," 148,080,475 "," 161,110,800 "," 167,839,740 "," 165,382,751 "," 164,050,586 "," 165,005,510 "," 158,419,130 "," 157,336,068 "," 155,233,947 "," 159,170,173 "," 162,605,371 "," 171,231,469 "," 182,042,492 "," 193,556,155 "," 202,720,683 "," 201,522,429 "," 201,856,014 ", -   ,
Least developed countries: UN classification,LDC," 5,472,827 "," 6,658,284 "," 6,957,868 "," 7,094,926 "," 7,950,686 "," 8,410,825 "," 8,822,886 "," 9,811,416 "," 9,707,907 "," 11,144,722 "," 12,956,006 "," 14,529,500 "," 16,999,107 "," 18,005,255 "," 18,594,287 "," 20,467,100 "," 23,220,315 "," 26,001,685 "," 28,995,509 "," 31,645,082 "," 33,502,771 "," 32,624,658 "," 34,557,521 "," 38,555,568 "," 40,176,417 ", -   ,
Low income,LIC, -   , -   , -   , -   , -   , -   ," 4,422,831 "," 5,834,486 "," 5,908,364 "," 7,427,824 "," 7,489,498 "," 7,946,918 "," 8,224,735 "," 9,779,565 "," 10,644,113 "," 13,439,676 "," 11,065,512 "," 11,790,113 "," 12,106,325 "," 12,210,720 "," 11,563,293 "," 13,028,547 "," 14,021,099 "," 17,021,655 "," 17,409,972 ", -   ,
Liechtenstein,LIE," 59,000 "," 56,000 "," 57,000 "," 59,000 "," 60,000 "," 61,600 "," 56,500 "," 48,700 "," 49,000 "," 48,500 "," 49,800 "," 54,900 "," 72,800 "," 72,900 "," 66,500 "," 64,300 "," 67,000 "," 62,400 "," 59,600 "," 61,300 "," 56,700 "," 69,100 "," 79,300 "," 85,300 "," 98,100 "," 58,400 ",
Sri Lanka,LKA," 414,000 "," 315,000 "," 384,000 "," 409,000 "," 465,000 "," 445,000 "," 397,000 "," 457,000 "," 583,000 "," 681,000 "," 669,000 "," 689,000 "," 592,000 "," 526,000 "," 538,000 "," 766,000 "," 976,000 "," 1,133,000 "," 1,415,000 "," 1,665,000 "," 1,993,000 "," 2,168,000 "," 2,248,000 "," 2,521,000 "," 2,027,000 "," 540,000 ",
Lower middle income,LMC," 40,349,021 "," 44,941,824 "," 56,688,244 "," 53,668,708 "," 57,315,220 "," 60,822,587 "," 61,303,178 "," 64,049,459 "," 69,066,616 "," 82,272,563 "," 88,540,297 "," 96,432,873 "," 112,971,125 "," 120,779,068 "," 117,207,259 "," 126,945,397 "," 125,756,816 "," 136,178,041 "," 142,764,863 "," 140,616,367 "," 145,156,137 "," 146,764,495 "," 166,574,126 "," 192,813,990 "," 207,722,217 ", -   ,
Low & middle income,LMY," 277,742,930 "," 296,976,885 "," 319,784,754 "," 325,180,109 "," 346,142,020 "," 376,460,649 "," 382,836,193 "," 403,924,802 "," 394,042,563 "," 453,546,723 "," 486,276,714 "," 503,388,699 "," 543,031,905 "," 562,443,863 "," 548,333,631 "," 578,189,301 "," 585,014,467 "," 607,553,619 "," 626,412,968 "," 634,344,307 "," 658,163,496 "," 673,875,109 "," 731,331,434 "," 782,000,891 "," 814,041,186 ", -   ,
Lesotho,LSO," 209,000 "," 312,000 "," 313,000 "," 290,000 "," 308,000 "," 302,000 "," 295,000 "," 287,000 "," 329,000 "," 304,000 "," 304,000 "," 357,000 "," 300,000 "," 293,000 "," 344,000 "," 426,000 "," 398,000 "," 423,000 "," 433,000 "," 1,079,000 "," 1,082,000 "," 1,196,000 "," 1,137,000 "," 1,173,000 "," 1,142,000 ", -   ,
Late-demographic dividend,LTE," 208,726,881 "," 226,458,982 "," 237,060,589 "," 246,545,490 "," 266,217,660 "," 284,253,259 "," 271,213,960 "," 272,906,963 "," 267,562,909 "," 312,413,444 "," 331,644,844 "," 347,355,983 "," 369,420,015 "," 367,075,986 "," 353,528,962 "," 375,168,919 "," 394,674,499 "," 413,361,748 "," 430,928,983 "," 437,115,971 "," 460,461,684 "," 479,145,119 "," 508,820,313 "," 532,235,103 "," 549,832,277 ", -   ,
Lithuania,LTU," 2,600,000 "," 3,497,000 "," 3,702,000 "," 4,287,000 "," 4,454,000 "," 4,092,000 "," 4,195,000 "," 3,999,000 "," 3,635,000 ", -   , -   , -   ," 4,251,000 "," 4,459,000 "," 4,001,000 "," 4,073,000 "," 4,504,000 "," 4,979,000 "," 5,264,000 "," 5,217,000 "," 5,048,000 "," 5,322,000 "," 5,590,000 "," 6,115,000 "," 6,150,000 "," 2,284,000 ",
Luxembourg,LUX," 768,000 "," 724,000 "," 778,000 "," 789,000 "," 863,000 "," 852,000 "," 836,000 "," 885,000 "," 867,000 "," 878,000 "," 913,000 "," 908,000 "," 914,000 "," 877,000 "," 847,000 "," 805,000 "," 874,000 "," 950,000 "," 945,000 "," 1,038,000 "," 1,090,000 "," 1,054,000 "," 1,046,000 "," 1,018,000 "," 1,041,000 "," 525,000 ",
Latvia,LVA," 1,633,000 "," 1,750,000 "," 1,842,000 "," 1,788,000 "," 1,738,000 "," 1,882,000 "," 2,061,000 "," 2,297,000 "," 2,524,000 "," 3,127,000 "," 3,791,000 "," 4,649,000 "," 5,209,000 "," 5,496,000 "," 4,727,000 "," 5,042,000 "," 5,538,000 "," 5,569,000 "," 5,822,000 "," 6,246,000 "," 6,842,000 "," 6,797,000 "," 7,726,000 "," 7,775,000 "," 8,342,000 "," 3,204,000 ",
"Macao SAR, China",MAC," 7,752,000 "," 8,151,000 "," 7,000,000 "," 6,949,000 "," 7,444,000 "," 9,162,000 "," 10,279,000 "," 11,531,000 "," 11,888,000 "," 16,673,000 "," 18,711,000 "," 21,998,000 "," 27,003,000 "," 22,933,000 "," 21,753,000 "," 24,965,000 "," 28,002,000 "," 28,082,000 "," 29,325,000 "," 31,526,000 "," 30,715,000 "," 30,950,000 "," 32,611,000 "," 35,804,000 "," 39,406,000 "," 5,897,000 ",
St. Martin (French part),MAF, -   , -   , -   , -   , -   , -   , -   , -   , -   , -   , -   , -   , -   , -   , -   , -   , -   , -   , -   , -   , -   , -   , -   , -   , -   , -   ,
Morocco,MAR," 2,752,000 "," 2,856,000 "," 3,203,000 "," 3,267,000 "," 4,088,000 "," 4,458,000 "," 4,596,000 "," 4,709,000 "," 5,021,000 "," 5,732,000 "," 6,077,000 "," 6,777,000 "," 7,701,000 "," 8,209,000 "," 8,661,000 "," 9,752,000 "," 9,784,000 "," 9,830,000 "," 10,349,000 "," 10,507,000 "," 10,542,000 "," 10,677,000 "," 11,540,000 "," 12,489,000 "," 13,109,000 "," 2,802,000 ",
Monaco,MCO," 233,000 "," 226,000 "," 259,000 "," 278,000 "," 278,000 "," 300,000 "," 270,000 "," 263,000 "," 235,000 "," 250,000 "," 286,000 "," 313,000 "," 328,000 "," 324,000 "," 265,000 "," 279,000 "," 295,000 "," 292,000 "," 328,000 "," 329,000 "," 331,000 "," 336,000 "," 355,000 "," 347,000 "," 363,000 "," 159,000 ",
Moldova,MDA," 32,000 "," 29,000 "," 21,000 "," 19,000 "," 14,000 "," 18,000 "," 16,000 "," 18,000 "," 21,000 "," 69,000 "," 67,000 "," 63,000 "," 70,000 "," 73,000 "," 60,000 "," 64,000 "," 75,000 "," 89,000 "," 95,600 "," 93,900 "," 94,400 "," 121,000 "," 145,000 "," 160,000 "," 174,000 "," 29,000 ",
Madagascar,MDG," 115,000 ", -   , -   , -   , -   , -   , -   , -   , -   , -   , -   , -   , -   , -   , -   , -   , -   , -   , -   , -   ," 282,000 "," 333,000 "," 285,000 "," 360,000 "," 486,000 "," 87,100 ",
Maldives,MDV," 315,000 "," 339,000 "," 366,000 "," 396,000 "," 430,000 "," 467,000 "," 461,000 "," 485,000 "," 564,000 "," 617,000 "," 395,000 "," 602,000 "," 676,000 "," 683,000 "," 656,000 "," 792,000 "," 931,000 "," 958,000 "," 1,125,000 "," 1,205,000 "," 1,234,000 "," 1,286,000 "," 1,390,000 "," 1,484,000 "," 1,703,000 "," 555,000 ",
Middle East & North Africa,MEA, -   , -   , -   , -   , -   , -   , -   , -   , -   ," 80,626,989 "," 83,145,581 "," 90,007,074 "," 99,102,299 "," 115,019,778 "," 113,027,487 "," 130,361,782 "," 111,858,610 "," 124,595,752 "," 125,860,612 "," 133,162,232 "," 126,208,646 "," 119,350,821 "," 127,054,294 "," 139,804,138 "," 152,571,280 ", -   ,
Mexico,MEX," 85,446,000 "," 90,394,000 "," 92,915,000 "," 95,214,000 "," 99,869,000 "," 105,673,000 "," 100,718,000 "," 100,153,000 "," 92,330,000 "," 99,250,000 "," 103,146,000 "," 97,701,000 "," 93,582,000 "," 92,948,000 "," 88,044,000 "," 81,953,000 "," 75,732,000 "," 76,749,000 "," 78,100,000 "," 81,042,000 "," 87,129,000 "," 94,853,000 "," 99,349,000 "," 96,497,000 "," 97,406,000 "," 51,128,000 ",
Marshall Islands,MHL," 5,500 "," 6,200 "," 6,400 "," 6,400 "," 4,600 "," 5,200 "," 5,400 "," 6,000 "," 7,200 "," 9,000 "," 9,200 "," 5,800 "," 7,200 "," 6,000 "," 5,400 "," 4,600 "," 4,600 "," 4,600 ", -   ," 4,900 "," 6,300 "," 5,400 "," 6,000 "," 6,800 "," 6,100 ", -   ,
Middle income,MIC," 272,242,178 "," 290,883,940 "," 313,607,078 "," 319,024,056 "," 339,709,727 "," 369,017,840 "," 375,000,503 "," 394,155,192 "," 384,233,688 "," 441,446,433 "," 473,913,515 "," 490,340,951 "," 529,427,962 "," 546,648,340 "," 531,427,961 "," 557,355,435 "," 567,578,027 "," 589,199,452 "," 607,530,503 "," 615,263,537 "," 639,288,628 "," 655,230,627 "," 711,194,515 "," 758,857,902 "," 790,163,363 ", -   ,
North Macedonia,MKD," 147,000 "," 136,000 "," 121,000 "," 157,000 "," 181,000 "," 224,000 "," 99,000 "," 123,000 "," 158,000 "," 165,000 "," 197,000 "," 202,000 "," 230,000 "," 255,000 "," 259,000 "," 262,000 "," 327,000 "," 351,000 "," 400,000 "," 425,000 "," 486,000 "," 510,000 "," 631,000 "," 707,000 "," 758,000 "," 118,000 ",
Mali,MLI," 42,000 "," 98,000 "," 75,000 "," 83,000 "," 82,000 "," 86,000 "," 89,000 "," 96,000 "," 110,000 "," 113,000 "," 143,000 "," 153,000 "," 164,000 "," 190,000 "," 160,000 "," 169,000 "," 160,000 "," 134,000 "," 142,000 "," 168,000 "," 159,000 "," 173,000 "," 193,000 "," 203,000 "," 217,000 ", -   ,
Malta,MLT," 1,193,000 "," 1,123,000 "," 1,238,000 "," 1,326,000 "," 1,402,000 "," 1,387,000 "," 1,439,000 "," 1,483,000 "," 1,512,000 "," 1,428,000 "," 1,484,000 "," 1,521,000 "," 1,723,000 "," 1,832,000 "," 1,608,000 "," 1,815,000 "," 1,916,000 "," 2,007,000 "," 2,013,000 "," 2,162,000 "," 2,383,000 "," 2,592,000 "," 2,944,000 "," 3,232,000 "," 3,519,000 "," 718,000 ",
Myanmar,MMR," 194,000 "," 490,000 "," 491,000 "," 478,000 "," 435,000 "," 416,000 "," 475,000 "," 487,000 "," 597,000 "," 657,000 "," 660,000 "," 630,000 "," 716,000 "," 731,000 "," 763,000 "," 792,000 "," 816,000 "," 1,059,000 "," 2,044,000 "," 3,081,000 "," 4,681,000 "," 2,907,000 "," 3,443,000 "," 3,551,000 "," 4,364,000 "," 903,000 ",
Middle East & North Africa (excluding high income),MNA," 19,191,330 "," 19,510,660 "," 20,050,584 "," 20,887,114 "," 23,817,986 "," 25,593,702 "," 25,760,103 "," 29,063,176 "," 30,679,599 "," 37,570,149 "," 38,948,343 "," 42,009,918 "," 44,628,484 "," 50,431,456 "," 53,336,592 "," 62,924,889 "," 50,267,660 "," 53,404,836 "," 51,878,547 "," 51,968,618 "," 47,236,883 "," 41,373,624 "," 48,550,027 "," 58,807,591 "," 65,756,226 ", -   ,
Montenegro,MNE, -   , -   , -   , -   , -   , -   , -   ," 136,000 "," 142,000 "," 188,000 "," 272,000 "," 378,000 "," 984,000 "," 1,031,000 "," 1,044,000 "," 1,088,000 "," 1,201,000 "," 1,264,000 "," 1,324,000 "," 1,350,000 "," 1,560,000 "," 1,662,000 "," 1,877,000 "," 2,077,000 "," 2,510,000 "," 351,000 ",
Mongolia,MNG," 108,000 "," 71,000 "," 82,000 "," 197,000 "," 160,000 "," 158,000 "," 192,000 "," 235,000 "," 205,000 "," 305,000 "," 345,000 "," 408,000 "," 455,000 "," 469,000 "," 465,000 "," 557,000 "," 627,000 "," 624,000 "," 515,000 "," 506,000 "," 467,000 "," 471,000 "," 543,000 "," 598,000 "," 637,000 "," 66,900 ",
Northern Mariana Islands,MNP," 676,000 "," 736,000 "," 695,000 "," 490,000 "," 502,000 "," 529,000 "," 444,000 "," 476,000 "," 459,000 "," 536,000 "," 507,000 "," 436,000 "," 389,000 "," 397,000 "," 354,000 "," 379,000 "," 341,000 "," 401,000 "," 439,000 "," 460,000 "," 479,000 "," 531,000 "," 660,000 "," 518,000 "," 487,000 ", -   ,
Mozambique,MOZ, -   , -   , -   , -   , -   , -   ," 404,000 "," 943,000 "," 726,000 "," 711,000 "," 954,000 "," 1,095,000 "," 1,259,000 "," 1,439,000 "," 1,711,000 "," 1,836,000 "," 2,013,000 "," 2,206,000 "," 1,970,000 "," 1,751,000 "," 1,634,000 "," 1,715,000 "," 1,514,000 "," 2,870,000 "," 2,033,000 ", -   ,
Mauritania,MRT, -   , -   , -   , -   ," 24,000 "," 30,000 ", -   , -   , -   , -   , -   , -   , -   , -   , -   , -   , -   , -   , -   , -   , -   , -   , -   , -   , -   , -   ,
Mauritius,MUS," 437,000 "," 509,000 "," 558,000 "," 579,000 "," 600,000 "," 678,000 "," 675,000 "," 709,000 "," 721,000 "," 739,000 "," 782,000 "," 807,000 "," 933,000 "," 970,000 "," 890,000 "," 956,000 "," 983,000 "," 984,000 "," 1,015,000 "," 1,065,000 "," 1,174,000 "," 1,307,000 "," 1,371,000 "," 1,431,000 "," 1,418,000 "," 316,000 ",
Malawi,MWI," 192,000 "," 194,000 "," 207,000 "," 220,000 "," 254,000 "," 228,000 "," 266,000 "," 383,000 "," 424,000 "," 427,000 "," 438,000 "," 638,000 "," 735,000 "," 742,000 "," 755,000 "," 746,000 "," 767,000 "," 770,000 "," 795,000 "," 819,000 "," 805,000 "," 849,000 "," 837,000 "," 871,000 ", -   , -   ,
Malaysia,MYS," 7,469,000 "," 7,138,000 "," 6,211,000 "," 5,551,000 "," 7,931,000 "," 10,222,000 "," 12,775,000 "," 13,292,000 "," 10,577,000 "," 15,703,000 "," 16,431,000 "," 17,547,000 "," 20,973,000 "," 22,052,000 "," 23,646,000 "," 24,577,000 "," 24,714,000 "," 25,033,000 "," 25,715,000 "," 27,437,000 "," 25,721,000 "," 26,757,000 "," 25,948,000 "," 25,832,000 "," 26,101,000 "," 4,333,000 ",
North America,NAC," 121,946,000 "," 126,582,000 "," 128,163,000 "," 123,389,000 "," 125,400,000 "," 127,520,000 "," 118,580,000 "," 109,814,000 "," 101,468,000 "," 106,929,000 "," 108,161,000 "," 217,203,000 "," 206,332,000 "," 203,623,000 "," 185,758,000 "," 188,476,000 "," 172,989,422 "," 197,557,891 "," 205,052,906 "," 204,449,359 "," 205,016,531 "," 206,045,484 "," 206,060,750 "," 201,364,922 "," 198,713,000 ", -   ,
Namibia,NAM," 421,000 "," 560,000 "," 610,000 "," 681,000 "," 694,000 "," 759,000 "," 700,000 "," 799,000 "," 739,000 "," 986,000 "," 856,000 "," 961,000 "," 1,048,000 "," 1,079,000 "," 1,100,000 "," 1,114,000 "," 1,163,000 "," 1,245,000 "," 1,327,000 "," 1,429,000 "," 1,488,000 "," 1,551,000 "," 1,581,000 "," 1,639,000 "," 1,651,000 "," 187,100 ",
New Caledonia,NCL," 86,000 "," 91,000 "," 105,000 "," 104,000 "," 100,000 "," 110,000 "," 101,000 "," 104,000 "," 102,000 "," 100,000 "," 101,000 "," 100,000 "," 103,000 "," 104,000 "," 99,000 "," 99,000 "," 112,000 "," 112,000 "," 108,000 "," 107,000 "," 114,000 "," 116,000 "," 121,000 "," 120,000 "," 130,000 "," 31,000 ",
Niger,NER," 35,000 "," 68,000 "," 68,000 "," 41,000 "," 39,000 "," 50,000 "," 52,000 "," 39,000 "," 55,000 "," 57,000 "," 58,000 "," 60,000 "," 48,000 "," 73,000 "," 66,000 "," 74,000 "," 82,000 "," 94,000 "," 123,000 "," 135,000 "," 135,000 "," 152,000 "," 164,000 "," 157,000 "," 192,000 "," 85,000 ",
Nigeria,NGA," 1,031,000 "," 1,230,000 "," 1,292,000 "," 1,357,000 "," 1,425,000 "," 1,492,000 "," 1,753,000 "," 2,046,000 "," 2,253,000 "," 2,646,000 "," 2,778,000 "," 3,056,000 "," 5,239,000 "," 5,820,000 "," 6,053,000 "," 6,113,000 "," 3,765,000 "," 4,673,000 "," 4,038,000 "," 4,803,000 "," 6,017,000 "," 5,265,000 ", -   , -   , -   , -   ,
Nicaragua,NIC," 341,000 "," 388,000 "," 453,000 "," 483,000 "," 530,000 "," 581,000 "," 584,000 "," 579,000 "," 646,000 "," 735,000 "," 804,000 "," 891,000 "," 978,000 "," 1,011,000 "," 1,010,000 "," 1,071,000 "," 1,122,000 "," 1,233,000 "," 1,273,000 "," 1,390,000 "," 1,456,000 "," 1,596,000 "," 1,958,000 "," 1,412,000 "," 1,455,000 "," 474,000 ",
Netherlands,NLD," 6,574,000 "," 6,580,000 "," 7,841,000 "," 9,312,000 "," 9,874,000 "," 10,003,000 "," 9,500,000 "," 9,595,000 "," 9,181,000 "," 9,646,000 "," 10,012,000 "," 10,739,000 "," 11,008,000 "," 10,104,000 "," 9,921,000 "," 10,883,000 "," 11,300,000 "," 11,680,000 "," 12,783,000 "," 13,925,000 "," 15,007,000 "," 15,828,000 "," 17,924,000 "," 18,780,000 "," 20,129,000 "," 7,265,000 ",
Norway,NOR," 2,880,000 "," 2,746,000 "," 2,702,000 "," 3,256,000 "," 3,223,000 "," 3,104,000 "," 3,073,000 "," 3,111,000 "," 3,269,000 "," 3,628,000 "," 3,824,000 "," 4,070,000 "," 4,377,000 "," 4,347,000 "," 4,346,000 "," 4,767,000 "," 4,963,000 "," 4,538,000 "," 4,778,000 "," 4,855,000 "," 5,361,000 "," 5,960,000 "," 6,252,000 "," 5,688,000 "," 5,879,000 "," 1,397,000 ",
Nepal,NPL," 363,000 "," 394,000 "," 422,000 "," 464,000 "," 492,000 "," 464,000 "," 361,000 "," 275,000 "," 338,000 "," 385,000 "," 375,000 "," 384,000 "," 527,000 "," 500,000 "," 510,000 "," 603,000 "," 736,000 "," 803,000 "," 798,000 "," 790,000 "," 539,000 "," 753,000 "," 940,000 "," 1,173,000 "," 1,197,000 "," 230,000 ",
Nauru,NRU, -   , -   , -   , -   , -   , -   , -   , -   , -   , -   , -   , -   , -   , -   , -   , -   , -   , -   , -   , -   , -   , -   , -   , -   , -   , -   ,
New Zealand,NZL," 1,409,000 "," 1,529,000 "," 1,497,000 "," 1,485,000 "," 1,607,000 "," 1,787,000 "," 1,909,000 "," 2,045,000 "," 2,104,000 "," 2,334,000 "," 2,366,000 "," 2,409,000 "," 2,455,000 "," 2,483,000 "," 2,473,000 "," 2,530,000 "," 2,617,000 "," 2,574,000 "," 2,710,000 "," 2,854,000 "," 3,129,000 "," 3,494,000 "," 3,723,000 "," 3,858,000 "," 3,888,000 "," 996,000 ",
OECD members,OED," 795,118,245 "," 831,172,520 "," 856,883,569 "," 869,658,676 "," 883,337,847 "," 914,409,802 "," 857,416,270 "," 845,244,938 "," 829,225,859 "," 883,810,874 "," 917,093,719 "," 1,057,049,131 "," 1,057,756,515 "," 1,052,020,401 "," 1,012,277,275 "," 1,023,509,319 "," 1,038,728,159 "," 1,089,410,317 "," 1,129,790,906 "," 1,163,739,359 "," 1,200,190,531 "," 1,244,329,484 "," 1,299,260,750 "," 1,331,200,523 "," 1,364,524,986 ", -   ,
Oman,OMN, -   , -   , -   , -   , -   , -   ," 1,095,000 "," 1,112,000 "," 1,210,000 "," 1,407,000 "," 1,101,000 "," 1,385,000 "," 1,360,000 "," 1,540,000 "," 1,584,000 "," 1,500,000 "," 1,393,000 "," 1,714,000 "," 1,923,000 "," 2,225,000 "," 2,634,000 "," 3,207,000 "," 3,178,000 "," 3,242,000 "," 3,506,000 "," 869,000 ",
Other small states,OSS," 16,652,119 "," 16,883,668 "," 18,570,112 "," 19,110,482 "," 20,547,390 "," 22,028,655 "," 22,699,583 "," 23,251,643 "," 23,525,106 "," 25,484,888 "," 25,761,319 "," 27,999,916 "," 30,898,966 "," 32,780,642 "," 32,486,505 "," 37,843,566 "," 33,747,413 "," 36,199,883 "," 39,516,964 "," 42,941,757 "," 43,653,648 "," 46,851,127 "," 49,979,553 "," 51,524,463 "," 51,930,012 ", -   ,
Pakistan,PAK," 378,000 "," 369,000 "," 375,000 "," 429,000 "," 432,000 "," 557,000 "," 500,000 "," 498,000 "," 501,000 "," 648,000 "," 798,000 "," 898,000 "," 840,000 "," 823,000 "," 855,000 "," 907,000 "," 1,161,000 "," 966,000 ", -   , -   , -   , -   , -   , -   , -   , -   ,
Panama,PAN," 417,000 "," 443,000 "," 504,000 "," 529,000 "," 555,000 "," 600,000 "," 737,000 "," 800,000 "," 897,000 "," 1,004,000 "," 1,070,000 "," 1,215,000 "," 1,428,000 "," 1,575,000 "," 1,562,000 "," 1,726,000 "," 2,004,000 "," 2,086,000 "," 2,202,000 "," 2,305,000 "," 2,553,000 "," 2,379,000 "," 2,517,000 "," 2,487,000 "," 2,494,000 "," 647,000 ",
Peru,PER, -   , -   , -   , -   , -   , -   , -   , -   , -   ," 1,650,000 "," 1,938,000 "," 2,227,000 "," 2,451,000 "," 2,581,000 "," 2,681,000 "," 2,948,000 "," 3,299,000 "," 3,642,000 "," 4,010,000 "," 4,062,000 "," 4,381,000 "," 4,718,000 "," 4,992,000 "," 5,384,000 "," 5,275,000 "," 1,119,000 ",
Philippines,PHL," 1,760,000 "," 2,049,000 "," 2,223,000 "," 2,149,000 "," 2,171,000 "," 1,992,000 "," 1,797,000 "," 1,933,000 "," 1,907,000 "," 2,291,000 "," 2,623,000 "," 2,843,000 "," 3,092,000 "," 3,139,000 "," 3,017,000 "," 3,520,000 "," 3,917,000 "," 4,273,000 "," 4,681,000 "," 4,833,000 "," 5,361,000 "," 5,967,000 "," 6,621,000 "," 7,168,000 "," 8,261,000 "," 1,483,000 ",
Palau,PLW," 53,000 "," 69,000 "," 74,000 "," 64,000 "," 55,000 "," 58,000 "," 54,000 "," 59,000 "," 63,000 "," 89,000 "," 81,000 "," 82,000 "," 88,000 "," 81,000 "," 71,000 "," 85,000 "," 111,000 "," 120,000 "," 108,000 "," 140,000 "," 162,000 "," 138,000 "," 123,000 "," 106,000 "," 94,000 "," 18,400 ",
Papua New Guinea,PNG, -   , -   , -   , -   , -   , -   , -   , -   , -   , -   , -   , -   , -   ," 120,000 "," 126,000 "," 146,000 "," 165,000 "," 175,000 "," 182,000 "," 191,000 "," 199,000 "," 198,000 "," 182,000 "," 195,000 "," 211,000 "," 39,000 ",
Poland,POL," 82,244,000 "," 87,439,000 "," 87,817,000 "," 88,592,000 "," 89,118,000 "," 84,515,000 "," 61,431,000 "," 50,735,000 "," 52,130,000 "," 61,918,000 "," 64,606,000 "," 65,115,000 "," 66,208,000 "," 59,935,000 "," 53,840,000 "," 58,340,000 "," 60,745,000 "," 67,390,000 "," 72,310,000 "," 73,750,000 "," 77,743,000 "," 80,476,000 "," 83,804,000 "," 85,946,000 "," 88,515,000 ", -   ,
Pre-demographic dividend,PRE," 5,604,095 "," 6,361,336 "," 6,655,189 "," 6,706,266 "," 7,482,303 "," 7,836,651 "," 8,489,705 "," 9,597,983 "," 9,756,308 "," 11,371,716 "," 12,787,724 "," 14,207,513 "," 17,963,992 "," 18,545,305 "," 19,842,114 "," 21,206,463 "," 20,093,300 "," 21,339,534 "," 20,780,542 "," 21,408,619 "," 24,064,889 "," 24,362,727 ", -   , -   , -   , -   ,
Puerto Rico,PRI," 4,087,000 "," 4,110,000 "," 4,350,000 "," 4,671,000 "," 4,221,000 "," 4,566,000 "," 4,908,000 "," 4,364,000 "," 4,402,000 "," 4,889,000 "," 5,073,000 "," 5,022,000 "," 5,062,000 "," 5,213,000 "," 4,415,000 "," 4,379,000 "," 4,214,000 "," 4,197,000 "," 4,210,000 "," 4,456,000 "," 5,051,000 "," 5,003,000 "," 4,927,000 "," 4,260,000 "," 4,931,000 "," 3,882,000 ",
"Korea, Dem. People's Rep.",PRK, -   , -   , -   , -   , -   , -   , -   , -   , -   , -   , -   , -   , -   , -   , -   , -   , -   , -   , -   , -   , -   , -   , -   , -   , -   , -   ,
Portugal,PRT," 9,511,000 "," 9,730,000 "," 10,172,000 "," 11,295,000 "," 11,632,000 "," 12,097,000 "," 12,167,000 "," 11,644,000 "," 11,707,000 "," 10,639,000 "," 10,612,000 "," 11,282,000 "," 6,788,000 "," 6,962,000 "," 6,439,000 "," 6,756,000 "," 7,264,000 "," 7,503,000 "," 9,177,000 "," 10,497,000 "," 11,723,000 "," 13,359,000 "," 15,432,000 "," 16,186,000 "," 17,283,000 "," 4,208,000 ",
Paraguay,PRY," 15,678,000 "," 12,868,000 "," 10,955,000 "," 9,818,000 "," 6,569,000 "," 3,924,000 "," 3,550,000 "," 3,194,000 "," 2,859,000 "," 2,589,000 "," 2,648,000 "," 2,830,000 "," 3,005,000 "," 3,118,000 "," 3,183,000 "," 3,171,000 "," 3,365,000 "," 3,655,000 "," 3,538,000 "," 3,455,000 "," 4,102,000 "," 4,318,000 "," 4,744,000 "," 4,183,000 "," 4,368,000 "," 1,077,000 ",
West Bank and Gaza,PSE, -   ," 220,000 "," 210,000 "," 200,000 "," 300,000 "," 310,000 "," 43,000 "," 33,000 "," 37,000 "," 56,000 "," 88,000 "," 123,000 "," 264,000 "," 387,000 "," 396,000 "," 522,000 "," 449,000 "," 490,000 "," 545,000 "," 556,000 "," 432,000 "," 400,000 "," 503,000 "," 606,000 "," 688,000 "," 93,000 ",
Pacific island small states,PSS, -   , -   , -   , -   , -   , -   , -   , -   , -   , -   , -   , -   ," 1,082,228 "," 1,202,558 "," 1,241,228 "," 1,349,967 "," 1,427,096 "," 1,519,503 "," 1,571,298 "," 1,590,537 "," 1,675,832 "," 1,836,887 "," 1,885,809 "," 1,928,870 "," 1,752,270 ", -   ,
Post-demographic dividend,PST," 625,506,507 "," 654,992,725 "," 686,264,932 "," 686,678,007 "," 702,246,548 "," 745,500,957 "," 734,362,506 "," 745,620,332 "," 739,424,034 "," 791,914,175 "," 822,568,061 "," 972,284,578 "," 984,896,480 "," 981,136,585 "," 943,253,697 "," 968,795,924 "," 994,042,515 "," 1,040,611,729 "," 1,080,304,354 "," 1,105,378,388 "," 1,128,129,854 "," 1,175,947,745 "," 1,223,167,398 "," 1,257,774,890 "," 1,275,198,370 ", -   ,
French Polynesia,PYF," 186,000 "," 184,000 "," 201,000 "," 211,000 "," 236,000 ", -   , -   , -   , -   , -   , -   , -   ," 243,000 "," 227,000 "," 190,000 "," 179,000 "," 196,000 "," 210,000 "," 214,000 "," 228,000 "," 239,000 "," 241,000 "," 254,000 "," 264,000 "," 300,000 "," 89,400 ",
Qatar,QAT, -   , -   , -   , -   , -   , -   , -   , -   , -   , -   , -   , -   , -   , -   ," 1,482,000 "," 1,700,000 "," 2,057,000 "," 2,324,000 "," 2,612,000 "," 2,839,000 "," 2,941,000 "," 2,938,000 "," 2,256,000 "," 1,819,000 "," 2,136,500 "," 582,000 ",
Romania,ROU," 5,445,000 "," 5,205,000 "," 5,149,000 "," 4,831,000 "," 5,224,000 "," 5,264,000 "," 4,938,000 "," 4,794,000 "," 5,595,000 "," 6,600,000 "," 5,839,000 "," 6,037,000 "," 7,722,000 "," 8,862,000 "," 7,575,000 "," 7,498,000 "," 7,611,000 "," 7,937,000 "," 8,019,000 "," 8,442,000 "," 9,331,000 "," 10,223,000 "," 10,926,000 "," 11,720,000 "," 12,815,000 "," 5,023,000 ",
Russian Federation,RUS," 10,290,000 "," 16,208,000 "," 17,463,000 "," 16,188,000 "," 18,820,000 "," 21,169,000 "," 21,595,000 "," 23,309,000 "," 22,521,000 "," 22,064,000 "," 22,201,000 "," 22,486,000 "," 22,909,000 "," 23,676,000 "," 21,339,000 "," 22,281,000 "," 24,932,000 "," 28,177,000 "," 30,792,000 "," 32,421,000 "," 33,729,000 "," 24,571,000 "," 24,390,000 "," 24,551,000 "," 24,419,000 "," 6,359,000 ",
Rwanda,RWA, -   , -   , -   , -   , -   , -   , -   , -   , -   , -   , -   ," 531,000 "," 610,000 "," 669,000 "," 664,000 "," 667,000 "," 908,000 "," 1,061,000 "," 1,122,000 "," 1,220,000 "," 1,298,000 "," 1,377,000 "," 1,570,000 "," 1,711,000 "," 1,634,000 ", -   ,
South Asia,SAS," 3,942,956 "," 4,070,440 "," 4,314,275 "," 4,447,429 "," 4,705,757 "," 5,028,561 "," 4,693,365 "," 4,527,658 "," 5,212,015 "," 6,372,283 "," 6,697,187 "," 7,599,967 "," 8,429,240 "," 8,726,421 "," 8,418,739 "," 9,476,200 "," 10,853,946 "," 11,239,336 "," 12,150,072 "," 19,662,201 "," 20,005,026 "," 22,126,614 "," 23,793,410 "," 26,712,614 "," 27,102,764 ", -   ,
Saudi Arabia,SAU," 4,398,000 ", -   , -   , -   , -   , -   , -   , -   , -   ," 11,083,000 "," 10,417,000 "," 10,962,000 "," 13,479,000 "," 17,717,000 "," 13,319,000 "," 13,025,000 "," 15,776,000 "," 19,847,000 "," 19,934,000 "," 23,010,000 "," 21,834,000 "," 20,887,000 "," 18,607,000 "," 17,570,000 "," 20,292,000 ", -   ,
Sudan,SDN," 29,000 "," 38,000 "," 30,000 "," 36,000 "," 39,000 "," 38,000 "," 50,000 "," 52,000 "," 52,000 "," 61,000 "," 246,000 "," 328,000 "," 436,000 "," 440,000 "," 420,000 "," 495,000 "," 536,000 "," 575,000 "," 591,000 "," 684,000 "," 741,000 "," 800,000 "," 813,000 "," 836,000 ", -   , -   ,
Senegal,SEN, -   , -   , -   , -   , -   , -   , -   , -   ," 502,000 "," 677,000 "," 779,000 "," 876,000 "," 879,000 "," 877,000 "," 815,000 "," 906,000 "," 977,000 "," 967,000 "," 1,069,000 "," 976,000 "," 1,014,000 "," 1,219,000 "," 1,376,000 ", -   , -   , -   ,
Singapore,SGP," 7,137,000 "," 7,292,000 "," 7,198,000 "," 6,242,000 "," 6,958,000 "," 7,691,000 "," 7,522,000 "," 7,567,000 "," 6,127,000 "," 8,329,000 "," 8,943,000 "," 9,751,000 "," 10,285,000 "," 10,116,000 "," 9,683,000 "," 11,642,000 "," 13,171,000 "," 14,496,000 "," 15,568,000 "," 15,095,000 "," 15,231,500 "," 16,403,000 "," 17,425,000 "," 18,508,000 "," 19,116,000 "," 2,742,000 ",
Solomon Islands,SLB," 11,800 "," 10,300 "," 13,800 "," 15,800 ", -   ," 5,200 ", -   , -   ," 6,600 "," 5,600 "," 9,400 "," 11,500 "," 13,700 "," 16,300 "," 18,300 "," 20,500 "," 22,900 "," 23,900 "," 24,400 "," 20,100 "," 21,600 "," 23,200 "," 25,700 "," 27,900 "," 28,900 "," 4,400 ",
Sierra Leone,SLE, -   , -   , -   , -   , -   , -   , -   , -   , -   , -   , -   , -   , -   , -   , -   , -   , -   ," 75,000 "," 95,000 "," 53,000 "," 31,000 "," 60,000 "," 59,000 "," 66,000 "," 71,000 ", -   ,
El Salvador,SLV, -   , -   , -   , -   , -   ," 867,000 "," 804,000 "," 885,000 "," 798,000 "," 1,030,000 "," 1,306,000 "," 1,501,000 "," 1,720,000 "," 1,875,000 "," 1,482,000 "," 1,606,000 "," 1,634,000 "," 1,738,000 "," 1,822,000 "," 1,886,000 "," 1,973,000 "," 2,052,000 "," 2,247,000 "," 2,536,000 "," 2,639,000 "," 707,000 ",
San Marino,SMR," 3,368,000 "," 3,345,000 "," 3,308,000 "," 3,264,000 "," 3,148,000 "," 3,071,000 "," 3,036,000 "," 3,102,000 "," 2,882,000 "," 2,812,000 "," 2,107,000 "," 2,136,000 "," 2,164,000 "," 2,112,000 "," 2,056,000 "," 1,976,000 "," 2,038,000 "," 1,869,000 "," 1,905,000 "," 2,004,000 "," 1,888,000 "," 2,000,000 "," 1,937,000 "," 1,874,000 "," 1,904,000 ", -   ,
Somalia,SOM, -   , -   , -   , -   , -   , -   , -   , -   , -   , -   , -   , -   , -   , -   , -   , -   , -   , -   , -   , -   , -   , -   , -   , -   , -   , -   ,
Serbia,SRB, -   , -   , -   , -   , -   , -   , -   ," 312,000 "," 339,000 "," 392,000 "," 453,000 "," 469,000 "," 696,000 "," 646,000 "," 645,000 "," 683,000 "," 764,000 "," 810,000 "," 922,000 "," 1,029,000 "," 1,132,000 "," 1,281,000 "," 1,497,000 "," 1,711,000 "," 1,847,000 "," 446,000 ",
Sub-Saharan Africa (excluding high income),SSA," 14,193,467 "," 16,049,754 "," 16,643,491 "," 17,777,716 "," 19,153,012 "," 19,437,981 "," 20,377,865 "," 22,023,890 "," 22,796,021 "," 24,570,128 "," 26,229,482 "," 29,607,861 "," 34,490,087 "," 35,560,286 "," 36,521,793 "," 40,138,970 "," 40,525,618 "," 42,980,385 "," 44,484,731 "," 46,265,056 "," 48,672,074 "," 50,877,194 "," 52,496,630 "," 56,247,033 "," 55,555,231 ", -   ,
South Sudan,SSD, -   , -   , -   , -   , -   , -   , -   , -   , -   , -   , -   , -   , -   , -   , -   , -   , -   , -   , -   , -   , -   , -   , -   , -   , -   , -   ,
Sub-Saharan Africa,SSF," 14,323,566 "," 16,195,085 "," 16,782,784 "," 17,915,072 "," 19,286,170 "," 19,581,432 "," 20,519,200 "," 22,162,330 "," 22,926,433 "," 24,699,149 "," 26,367,737 "," 29,762,488 "," 34,665,318 "," 35,737,670 "," 36,704,327 "," 40,334,502 "," 40,741,755 "," 43,202,323 "," 44,728,990 "," 46,510,986 "," 48,979,056 "," 51,223,036 "," 52,899,581 "," 56,673,405 "," 56,014,499 ", -   ,
Small states,SST," 26,850,087 "," 28,033,106 "," 29,835,947 "," 30,787,258 "," 32,723,888 "," 35,393,989 "," 35,693,405 "," 36,594,902 "," 38,156,637 "," 42,165,942 "," 41,471,205 "," 43,973,150 "," 47,057,081 "," 48,541,043 "," 49,158,502 "," 55,249,470 "," 51,988,609 "," 54,646,954 "," 58,059,805 "," 62,560,577 "," 63,973,752 "," 71,729,395 "," 75,794,208 "," 78,864,840 "," 79,086,476 ", -   ,
Sao Tome and Principe,STP," 6,200 "," 6,400 "," 4,800 "," 5,600 "," 5,800 "," 7,100 "," 7,500 "," 9,200 "," 10,000 "," 10,600 "," 15,800 "," 12,300 "," 11,800 "," 14,500 "," 15,200 "," 8,000 "," 12,200 ", -   , -   , -   ," 25,600 "," 28,900 "," 28,900 "," 33,400 ", -   , -   ,
Suriname,SUR," 69,000 "," 74,000 "," 78,000 "," 70,000 "," 72,000 "," 72,000 "," 68,000 ", -   ," 100,000 ", -   , -   ," 154,000 "," 167,000 "," 151,000 "," 151,000 "," 206,000 "," 221,000 "," 240,000 "," 250,000 "," 253,000 "," 229,000 "," 257,000 "," 279,000 ", -   , -   , -   ,
Slovak Republic,SVK, -   , -   , -   , -   , -   , -   , -   , -   , -   , -   , -   , -   , -   , -   , -   , -   , -   , -   ," 12,583,000 "," 11,556,000 "," 14,936,000 "," 17,376,000 "," 15,406,000 "," 15,299,000 ", -   , -   ,
Slovenia,SVN," 732,000 "," 832,000 "," 974,000 "," 977,000 "," 884,000 "," 1,090,000 "," 1,219,000 "," 1,302,000 "," 1,373,000 "," 1,499,000 "," 1,555,000 "," 1,617,000 "," 1,751,000 "," 1,958,000 "," 1,824,000 "," 2,049,000 "," 2,236,000 "," 2,377,000 "," 2,502,000 "," 2,675,000 "," 3,022,000 "," 3,397,000 "," 3,991,000 "," 4,425,000 "," 4,702,000 "," 1,216,000 ",
Sweden,SWE," 2,310,000 "," 2,376,000 "," 2,388,000 "," 2,573,000 "," 2,595,000 "," 3,828,000 "," 4,108,000 "," 4,276,000 "," 4,268,000 "," 4,676,000 "," 4,883,000 "," 4,729,000 "," 5,224,000 "," 4,555,000 "," 4,899,000 "," 5,183,000 "," 11,567,000 "," 12,372,000 "," 10,980,000 "," 10,522,000 "," 6,482,000 "," 6,782,000 "," 7,054,000 "," 7,440,000 "," 7,616,000 "," 1,957,000 ",
Eswatini,SWZ, -   ," 1,337,000 "," 1,635,000 "," 986,000 "," 1,253,000 "," 1,151,000 "," 1,312,000 "," 1,371,000 "," 1,543,000 ", -   ," 1,182,000 "," 1,200,000 "," 1,230,000 "," 1,186,000 "," 1,344,000 "," 1,343,000 "," 1,328,000 "," 1,278,000 "," 1,299,000 "," 1,325,000 "," 1,256,000 "," 1,279,000 "," 1,343,000 "," 1,277,000 "," 1,226,000 "," 345,300 ",
Sint Maarten (Dutch part),SXM," 1,024,000 "," 1,022,000 "," 1,325,000 "," 1,339,000 "," 1,061,000 "," 1,300,000 "," 1,271,000 "," 1,436,000 "," 1,600,000 "," 1,823,000 "," 1,956,000 "," 1,890,000 "," 1,891,000 "," 1,821,000 "," 1,655,000 "," 1,956,000 "," 2,080,000 "," 2,210,000 "," 2,253,000 "," 2,502,000 "," 2,407,000 "," 2,197,000 "," 1,640,000 "," 1,775,000 "," 1,952,000 ", -   ,
Seychelles,SYC," 127,000 "," 142,000 "," 136,000 "," 134,000 "," 130,000 "," 140,000 "," 138,000 "," 135,000 "," 127,000 "," 126,000 "," 135,000 "," 151,000 "," 171,000 "," 173,000 "," 178,000 "," 191,000 "," 210,000 "," 216,000 "," 237,000 "," 239,000 "," 296,000 "," 333,000 "," 382,000 "," 405,000 "," 428,000 "," 124,500 ",
Syrian Arab Republic,SYR," 2,253,000 "," 2,435,000 "," 2,332,000 "," 2,464,000 "," 2,682,000 "," 3,412,000 "," 3,671,000 "," 4,678,000 "," 4,837,000 "," 6,334,000 "," 5,859,000 "," 5,682,000 "," 5,434,000 "," 6,951,000 "," 7,721,000 "," 10,970,000 "," 6,476,000 ", -   , -   , -   , -   ," 1,043,000 "," 1,291,000 "," 1,802,000 "," 2,424,000 ", -   ,
Turks and Caicos Islands,TCA, -   , -   , -   , -   , -   , -   , -   , -   , -   , -   , -   , -   , -   ," 757,000 "," 865,000 "," 899,000 "," 1,010,000 "," 968,000 "," 1,069,000 "," 1,330,000 "," 1,316,000 "," 1,296,000 "," 1,243,000 "," 1,463,000 "," 1,599,000 "," 370,400 ",
Chad,TCD," 19,000 "," 20,000 "," 27,000 "," 41,000 "," 46,000 "," 43,000 "," 57,000 "," 32,000 "," 21,000 "," 26,000 "," 29,000 "," 46,000 "," 77,000 "," 61,000 "," 70,000 "," 71,000 "," 77,000 "," 86,000 "," 97,000 "," 119,000 "," 120,000 "," 98,000 "," 87,000 "," 63,000 "," 81,000 "," 10,400 ",
East Asia & Pacific (IDA & IBRD countries),TEA," 69,853,350 "," 76,266,008 "," 82,316,854 "," 87,401,715 "," 100,507,097 "," 115,002,176 "," 123,938,278 "," 134,842,642 "," 124,198,111 "," 150,908,208 "," 163,954,997 "," 172,620,607 "," 186,123,963 "," 186,639,517 "," 184,114,106 "," 197,693,903 "," 205,576,450 "," 209,238,312 "," 214,704,673 "," 216,907,018 "," 229,644,084 "," 243,207,453 "," 263,898,378 "," 277,743,235 "," 289,300,102 ", -   ,
Europe & Central Asia (IDA & IBRD countries),TEC," 141,570,365 "," 156,481,486 "," 174,016,178 "," 170,133,781 "," 174,152,913 "," 185,016,223 "," 166,982,996 "," 163,685,842 "," 170,010,345 "," 192,355,295 "," 204,584,908 "," 210,284,392 "," 233,796,926 "," 236,802,923 "," 218,138,478 "," 228,004,885 "," 244,817,219 "," 258,377,684 "," 273,457,450 "," 267,581,214 "," 278,325,392 "," 274,218,218 "," 294,608,725 "," 314,784,746 "," 331,546,366 ", -   ,
Togo,TGO," 53,000 "," 58,000 "," 92,000 "," 69,000 "," 70,000 "," 60,000 "," 57,000 "," 58,000 "," 61,000 "," 83,000 "," 81,000 "," 94,000 "," 86,000 "," 74,000 "," 150,000 "," 202,000 "," 300,000 "," 235,000 "," 327,000 "," 282,000 "," 273,000 "," 338,000 "," 514,000 "," 573,000 "," 876,000 "," 482,000 ",
Thailand,THA," 6,952,000 "," 7,244,000 "," 7,294,000 "," 7,843,000 "," 8,651,000 "," 9,579,000 "," 10,133,000 "," 10,873,000 "," 10,082,000 "," 11,737,000 "," 11,567,000 "," 13,822,000 "," 14,464,000 "," 14,584,000 "," 14,150,000 "," 15,936,000 "," 19,230,000 "," 22,354,000 "," 26,547,000 "," 24,810,000 "," 29,923,000 "," 32,530,000 "," 35,592,000 "," 38,178,000 "," 39,916,000 ", -   ,
Tajikistan,TJK, -   , 700 ," 2,100 "," 3,200 "," 4,500 "," 7,700 "," 5,200 ", -   , -   , -   , -   , -   , -   ," 325,000 "," 207,000 "," 160,000 "," 183,000 "," 244,000 "," 208,000 "," 213,000 "," 414,000 "," 344,000 "," 431,000 "," 1,035,000 ", -   , -   ,
Turkmenistan,TKM," 233,000 "," 282,000 "," 332,000 "," 380,000 ", -   , -   , -   , -   , -   , -   , -   , -   , -   , -   , -   , -   , -   , -   , -   , -   , -   , -   , -   , -   , -   , -   ,
Latin America & the Caribbean (IDA & IBRD countries),TLA," 125,292,601 "," 128,668,397 "," 130,965,954 "," 135,049,219 "," 137,308,047 "," 142,004,692 "," 135,754,875 "," 133,102,340 "," 127,305,056 "," 138,679,012 "," 145,124,920 "," 142,663,120 "," 141,496,729 "," 142,505,000 "," 136,672,000 "," 134,206,000 "," 131,390,000 "," 134,737,000 "," 137,445,000 "," 144,459,600 "," 154,385,000 "," 165,767,000 "," 175,407,000 "," 173,715,171 "," 172,908,917 ", -   ,
Timor-Leste,TLS, -   , -   , -   , -   , -   , -   , -   , -   , -   , -   , -   ," 14,000 "," 22,000 "," 36,000 "," 44,000 "," 40,000 "," 51,000 "," 58,000 "," 79,000 "," 60,000 "," 61,600 "," 65,600 "," 73,900 "," 74,600 "," 74,800 ", -   ,
Middle East & North Africa (IDA & IBRD countries),TMN," 18,989,751 "," 19,305,727 "," 19,856,169 "," 20,703,468 "," 23,536,182 "," 25,303,333 "," 25,738,555 "," 29,054,553 "," 30,668,307 "," 37,545,158 "," 38,891,163 "," 41,918,916 "," 44,393,001 "," 50,073,040 "," 52,971,339 "," 62,437,036 "," 49,845,259 "," 52,940,792 "," 51,346,516 "," 51,423,560 "," 46,829,785 "," 40,984,877 "," 48,055,308 "," 58,212,100 "," 65,078,455 ", -   ,
Tonga,TON," 33,000 "," 31,000 "," 29,000 "," 35,000 "," 44,000 "," 43,000 "," 38,000 "," 45,000 "," 51,000 "," 51,000 "," 60,000 "," 54,000 "," 65,000 "," 65,000 "," 74,700 "," 65,000 "," 68,400 "," 57,200 "," 59,700 "," 65,800 "," 72,600 "," 86,700 "," 86,600 "," 77,300 "," 94,000 ", -   ,
South Asia (IDA & IBRD),TSA," 3,820,369 "," 3,943,889 "," 4,180,143 "," 4,309,158 "," 4,559,453 "," 4,872,221 "," 4,547,447 "," 4,386,892 "," 5,049,972 "," 6,174,167 "," 6,488,970 "," 7,363,682 "," 8,167,172 "," 8,455,114 "," 8,156,998 "," 9,181,583 "," 10,516,494 "," 10,889,902 "," 11,772,323 "," 19,050,898 "," 19,383,064 "," 21,438,691 "," 23,053,667 "," 25,882,112 "," 26,260,132 ", -   ,
Sub-Saharan Africa (IDA & IBRD countries),TSS," 14,323,566 "," 16,195,085 "," 16,782,784 "," 17,915,072 "," 19,286,170 "," 19,581,432 "," 20,519,200 "," 22,162,330 "," 22,926,433 "," 24,699,149 "," 26,367,737 "," 29,762,488 "," 34,665,318 "," 35,737,670 "," 36,704,327 "," 40,334,502 "," 40,741,755 "," 43,202,323 "," 44,728,990 "," 46,510,986 "," 48,979,056 "," 51,223,036 "," 52,899,581 "," 56,673,405 "," 56,014,499 ", -   ,
Trinidad and Tobago,TTO," 282,000 "," 317,000 "," 360,000 "," 377,000 "," 421,000 "," 503,000 "," 468,000 "," 451,000 "," 474,000 "," 501,000 "," 529,000 "," 534,000 "," 531,000 "," 482,000 "," 534,000 "," 490,000 "," 491,000 "," 504,000 "," 467,000 "," 455,000 "," 519,000 "," 492,000 "," 465,000 "," 501,000 "," 480,000 "," 141,000 ",
Tunisia,TUN," 4,120,000 "," 3,885,000 "," 4,263,000 "," 4,718,000 "," 4,832,000 "," 5,058,000 "," 5,387,000 "," 5,064,000 "," 5,114,000 "," 5,998,000 "," 6,378,000 "," 6,550,000 "," 6,762,000 "," 7,050,000 "," 7,797,000 "," 7,828,000 "," 5,746,000 "," 6,999,000 "," 7,352,000 "," 7,163,000 "," 5,359,000 "," 5,724,000 "," 7,052,000 "," 8,299,000 "," 9,429,000 "," 2,012,000 ",
Turkiye,TUR," 7,727,000 "," 8,614,000 "," 9,689,000 "," 9,753,000 "," 7,487,000 "," 10,428,000 "," 11,619,000 "," 13,256,000 "," 14,030,000 "," 17,517,000 "," 21,125,000 "," 19,820,000 "," 27,215,000 "," 31,138,000 "," 31,760,000 "," 32,997,000 "," 36,769,000 "," 37,715,000 "," 39,861,000 "," 41,627,000 "," 41,114,000 "," 30,907,000 "," 37,970,000 "," 46,113,000 "," 51,747,000 "," 15,971,000 ",
Tuvalu,TUV, 900 ," 1,000 "," 1,000 "," 1,000 "," 1,100 "," 1,100 "," 1,100 "," 1,300 "," 1,400 "," 1,300 "," 1,100 "," 1,100 "," 1,100 "," 1,700 "," 1,600 "," 1,700 "," 1,200 "," 1,100 "," 1,300 "," 1,400 "," 2,400 "," 2,500 "," 2,500 "," 3,200 "," 3,600 ", -   ,
Tanzania,TZA," 295,000 "," 326,000 "," 360,000 "," 482,000 "," 627,000 "," 501,000 "," 525,000 "," 575,000 "," 576,000 "," 583,000 "," 613,000 "," 644,000 "," 719,000 "," 770,000 "," 714,000 "," 783,000 "," 868,000 "," 1,077,000 "," 1,096,000 "," 1,140,000 "," 1,137,000 "," 1,284,000 "," 1,327,000 "," 1,506,000 "," 1,527,000 ", -   ,
Uganda,UGA," 160,000 "," 174,000 "," 175,000 "," 195,000 "," 189,000 "," 193,000 "," 205,000 "," 254,000 "," 305,000 "," 512,000 "," 468,000 "," 539,000 "," 642,000 "," 844,000 "," 807,000 "," 946,000 "," 1,151,000 "," 1,197,000 "," 1,206,000 "," 1,266,000 "," 1,303,000 "," 1,323,000 "," 1,402,000 "," 1,506,000 "," 1,543,000 "," 473,000 ",
Ukraine,UKR," 6,127,000 "," 6,750,000 "," 14,743,000 "," 12,003,000 "," 10,990,000 "," 11,691,000 "," 11,877,000 "," 12,793,000 "," 15,161,000 "," 18,583,000 "," 20,489,000 "," 21,714,000 "," 26,162,000 "," 28,827,000 "," 24,033,000 "," 24,114,000 "," 24,535,000 "," 25,061,000 "," 26,025,000 "," 13,227,000 "," 13,025,000 "," 13,734,000 "," 14,579,000 "," 14,342,000 "," 13,710,000 "," 3,382,000 ",
Upper middle income,UMC," 226,732,647 "," 240,601,062 "," 251,597,802 "," 259,728,330 "," 276,411,398 "," 301,621,449 "," 306,994,546 "," 323,043,770 "," 308,581,283 "," 351,774,850 "," 377,443,419 "," 385,922,932 "," 408,189,869 "," 417,498,839 "," 406,075,035 "," 422,026,476 "," 433,149,966 "," 444,224,632 "," 455,797,692 "," 465,397,899 "," 484,482,006 "," 498,471,214 "," 534,415,315 "," 556,608,632 "," 573,310,641 ", -   ,
Uruguay,URY," 2,177,000 "," 2,258,000 "," 2,463,000 "," 2,324,000 "," 2,273,000 "," 2,236,000 "," 2,136,000 "," 1,354,000 "," 1,508,000 "," 1,871,000 "," 1,917,000 "," 1,824,000 "," 1,815,000 "," 2,255,000 "," 2,303,000 "," 2,708,000 "," 3,244,000 "," 3,155,000 "," 3,242,000 "," 3,195,000 "," 3,286,000 "," 3,632,000 "," 4,219,000 "," 3,954,000 "," 3,480,000 ", -   ,
United States,USA," 79,732,000 "," 82,756,000 "," 82,525,000 "," 74,767,000 "," 75,796,000 "," 78,343,000 "," 70,975,000 "," 64,434,000 "," 62,082,000 "," 67,606,000 "," 71,484,000 "," 183,178,000 "," 175,299,000 "," 175,703,000 "," 160,508,000 "," 162,275,000 "," 147,271,422 "," 171,629,891 "," 179,309,906 "," 178,311,359 "," 176,864,531 "," 175,261,484 "," 174,291,750 "," 169,324,922 "," 165,478,000 "," 45,037,000 ",
Uzbekistan,UZB," 92,000 "," 173,000 "," 960,000 "," 811,000 "," 487,000 "," 302,000 "," 345,000 "," 332,000 "," 231,000 "," 262,000 "," 242,000 "," 560,000 "," 903,000 "," 1,069,000 "," 1,215,000 "," 975,000 "," 1,393,000 "," 1,895,000 "," 1,969,000 "," 1,862,000 "," 1,918,000 "," 2,027,000 "," 2,690,000 "," 5,346,000 "," 6,749,000 ", -   ,
St. Vincent and the Grenadines,VCT," 218,000 "," 216,000 "," 200,000 "," 202,000 "," 223,000 "," 256,000 "," 254,000 "," 247,000 "," 242,000 "," 262,000 "," 256,000 "," 306,000 "," 328,000 "," 250,000 "," 271,000 "," 231,000 "," 208,000 "," 200,000 "," 200,000 "," 205,000 "," 207,000 "," 227,000 "," 303,000 "," 356,000 "," 392,000 ", -   ,
"Venezuela, RB",VEN," 879,000 "," 960,000 "," 933,000 "," 813,000 "," 702,000 "," 602,000 "," 792,000 "," 590,000 "," 435,000 "," 618,000 "," 846,000 "," 883,000 "," 898,000 "," 702,000 "," 567,000 "," 535,000 "," 625,000 "," 1,061,000 "," 1,085,000 "," 967,000 "," 882,000 "," 681,000 "," 429,000 ", -   , -   , -   ,
British Virgin Islands,VGB," 219,000 "," 244,000 "," 244,000 "," 279,000 "," 284,000 "," 272,000 "," 296,000 "," 282,000 "," 278,000 "," 304,000 "," 337,000 "," 356,000 "," 358,000 "," 346,000 "," 309,000 "," 330,000 "," 338,000 "," 351,000 "," 366,000 "," 386,000 "," 393,000 "," 408,000 "," 335,000 "," 192,000 "," 302,400 "," 83,000 ",
Virgin Islands (U.S.),VIR," 1,741,000 "," 1,779,000 "," 2,128,000 "," 2,139,000 "," 1,964,000 "," 2,396,000 "," 2,497,000 "," 2,337,000 "," 2,395,000 "," 2,620,000 "," 2,602,000 "," 2,571,000 "," 2,606,000 "," 2,435,000 "," 2,245,000 "," 2,531,000 "," 2,686,000 "," 2,640,000 "," 2,702,000 "," 2,814,000 "," 2,643,000 "," 2,574,000 "," 1,954,000 "," 1,922,000 "," 2,074,000 "," 8,612,000 ",
Vietnam,VNM," 1,351,000 "," 1,607,000 "," 1,716,000 "," 1,520,000 "," 1,782,000 "," 2,140,000 "," 2,330,000 "," 2,628,000 "," 2,429,000 "," 2,928,000 "," 3,477,000 "," 3,583,000 "," 4,229,000 "," 4,236,000 "," 3,747,000 "," 5,050,000 "," 6,014,000 "," 6,848,000 "," 7,572,000 "," 7,874,000 "," 7,944,000 "," 10,013,000 "," 12,922,000 "," 15,498,000 "," 18,009,000 "," 3,837,000 ",
Vanuatu,VUT," 82,000 "," 103,000 "," 81,000 "," 78,000 "," 96,000 "," 106,000 "," 106,000 "," 99,000 "," 102,000 "," 99,000 "," 126,000 "," 154,000 "," 167,000 "," 196,600 "," 225,500 "," 237,700 "," 248,900 "," 321,000 "," 357,000 "," 329,000 "," 287,000 "," 351,600 "," 332,700 "," 350,200 "," 256,000 "," 82,400 ",
World,WLD," 1,082,522,375 "," 1,143,489,093 "," 1,193,996,052 "," 1,209,956,781 "," 1,254,467,158 "," 1,332,379,079 "," 1,299,004,508 "," 1,319,581,840 "," 1,300,066,793 "," 1,436,450,364 "," 1,501,611,341 "," 1,683,029,832 "," 1,739,388,600 "," 1,750,746,690 "," 1,687,198,488 "," 1,755,720,046 "," 1,792,688,016 "," 1,881,196,825 "," 1,952,484,358 "," 2,012,330,419 "," 2,071,785,910 "," 2,140,443,306 "," 2,248,870,724 "," 2,339,399,881 "," 2,403,074,088 ", -   ,
Samoa,WSM, -   , -   , -   , -   , -   , -   , -   , -   , -   , -   , -   ," 116,000 "," 122,000 "," 122,000 "," 129,000 "," 130,000 "," 128,000 "," 135,000 "," 125,000 "," 132,000 "," 139,000 "," 146,000 "," 158,000 "," 172,000 "," 181,000 "," 23,900 ",
Kosovo,XKX, -   , -   , -   , -   , -   , -   , -   , -   , -   , -   , -   , -   , -   , -   , -   , -   , -   , -   , -   , -   , -   , -   , -   , -   , -   , -   ,
"Yemen, Rep.",YEM, -   , -   , -   , -   , -   , -   , -   , -   , -   , -   , -   , -   , -   , -   , -   ," 1,035,000 "," 1,175,000 "," 1,282,000 "," 1,323,000 "," 1,218,000 "," 398,000 ", -   , -   , -   , -   , -   ,
South Africa,ZAF," 4,684,000 "," 5,186,000 "," 5,170,000 "," 5,898,000 "," 6,026,000 "," 6,001,000 "," 5,908,000 "," 6,550,000 "," 6,640,000 "," 6,815,000 "," 7,518,000 "," 8,509,000 "," 9,208,000 "," 9,729,000 "," 9,532,000 "," 11,303,000 "," 12,097,000 "," 13,069,000 "," 14,318,000 "," 14,530,000 "," 13,952,000 "," 15,121,000 "," 14,975,000 "," 15,004,000 "," 14,797,000 "," 3,886,600 ",
Zambia,ZMB," 163,000 "," 264,000 "," 341,000 "," 362,000 "," 404,000 "," 457,000 "," 492,000 "," 565,000 "," 413,000 "," 515,000 "," 669,000 "," 757,000 "," 897,000 "," 812,000 "," 710,000 "," 815,000 "," 920,000 "," 859,000 "," 915,000 "," 947,000 "," 932,000 "," 956,000 "," 1,009,000 "," 1,072,000 "," 1,266,000 "," 502,000 ",
Zimbabwe,ZWE," 1,416,000 "," 1,597,000 "," 1,336,000 "," 2,090,000 "," 2,250,000 "," 1,967,000 "," 2,217,000 "," 2,041,000 "," 2,256,000 "," 1,854,000 "," 1,559,000 "," 2,287,000 "," 2,506,000 "," 1,956,000 "," 2,017,000 "," 2,239,000 "," 2,423,000 "," 1,794,000 "," 1,833,000 "," 1,880,000 "," 2,057,000 "," 2,168,000 "," 2,423,000 "," 2,580,000 "," 2,294,000 "," 639,000 ",
